"","Artist","Track","count","Track_no_brackets","artist_first_word","artist_last_word","artist_lower","artist_no_featuring_lower","track_lower","track_lower_no_brackets","track_lower_no_schar","track_lower_no_brackets_schar_ws","artist mbid"
"1","112","Peaches & Cream",29,"Peaches & Cream","112","112","112","112","peaches & cream","peaches & cream","peaches   cream","peachescream","e170e5d6-16ab-42a8-a2fc-38e8bbd908b9"
"2","112 Featuring Lil'z","Anywhere",25,"Anywhere","112","z","112 featuring lil'z","112","anywhere","anywhere","anywhere","anywhere","e170e5d6-16ab-42a8-a2fc-38e8bbd908b9"
"3","112 Featuring Ludacris","Hot & Wet",9,"Hot & Wet","112","Ludacris","112 featuring ludacris","112","hot & wet","hot & wet","hot   wet","hotwet","e170e5d6-16ab-42a8-a2fc-38e8bbd908b9"
"4","112 Featuring Mase","Love Me",6,"Love Me","112","Mase","112 featuring mase","112","love me","love me","love me","loveme","e170e5d6-16ab-42a8-a2fc-38e8bbd908b9"
"5","112 Featuring Super Cat","Na Na Na",6,"Na Na Na","112","Cat","112 featuring super cat","112","na na na","na na na","na na na","nanana","e170e5d6-16ab-42a8-a2fc-38e8bbd908b9"
"6","2Gether","The Hardest Part Of Breaking Up (Is Getting Back Your Stuff)",3,"The Hardest Part Of Breaking Up ","2Gether","2Gether","2gether","2gether","the hardest part of breaking up (is getting back your stuff)","the hardest part of breaking up ","the hardest part of breaking up ","thehardestpartofbreakingup","ff7cfbba-db61-4f61-88f2-c56c196ef3fa"
"7","311","Love Song",20,"Love Song","311","311","311","311","love song","love song","love song","lovesong","97f0be04-3f1b-4049-bb9b-9ce6d4d40bcc"
"8","Aaron Lewis Of Staind With Fred Durst","Outside",19,"Outside","Aaron","Durst","aaron lewis of staind with fred durst","aaron lewis of staind","outside","outside","outside","outside",NA
"9","Alabama","How Do You Fall In Love",1,"How Do You Fall In Love","Alabama","Alabama","alabama","alabama","how do you fall in love","how do you fall in love","how do you fall in love","howdoyoufallinlove","2f76bd85-ba19-4d80-9bb7-4555abe463c5"
"10","Alabama","Keepin' Up",8,"Keepin' Up","Alabama","Alabama","alabama","alabama","keepin' up","keepin' up","keepin  up","keepinup","2f76bd85-ba19-4d80-9bb7-4555abe463c5"
"11","Alabama Featuring 'N Sync","God Must Have Spent A Little More Time On You",20,"God Must Have Spent A Little More Time On You","Alabama","Sync","alabama featuring 'n sync","alabama","god must have spent a little more time on you","god must have spent a little more time on you","god must have spent a little more time on you","godmusthavespentalittlemoretimeonyou","2f76bd85-ba19-4d80-9bb7-4555abe463c5"
"12","Alan Jackson","Drive (For Daddy Gene)",20,"Drive ","Alan","Jackson","alan jackson","alan jackson","drive (for daddy gene)","drive ","drive ","drive","4cc1cb70-a4ea-4366-98d8-c5d7ce160797"
"13","Alan Jackson","Gone Crazy",13,"Gone Crazy","Alan","Jackson","alan jackson","alan jackson","gone crazy","gone crazy","gone crazy","gonecrazy","4cc1cb70-a4ea-4366-98d8-c5d7ce160797"
"14","Alan Jackson","Little Man",17,"Little Man","Alan","Jackson","alan jackson","alan jackson","little man","little man","little man","littleman","4cc1cb70-a4ea-4366-98d8-c5d7ce160797"
"15","Alan Jackson","Monday Morning Church",4,"Monday Morning Church","Alan","Jackson","alan jackson","alan jackson","monday morning church","monday morning church","monday morning church","mondaymorningchurch","4cc1cb70-a4ea-4366-98d8-c5d7ce160797"
"16","Alan Jackson","Pop A Top",17,"Pop A Top","Alan","Jackson","alan jackson","alan jackson","pop a top","pop a top","pop a top","popatop","4cc1cb70-a4ea-4366-98d8-c5d7ce160797"
"17","Alan Jackson","Remember When",20,"Remember When","Alan","Jackson","alan jackson","alan jackson","remember when","remember when","remember when","rememberwhen","4cc1cb70-a4ea-4366-98d8-c5d7ce160797"
"18","Alan Jackson","Right On The Money",8,"Right On The Money","Alan","Jackson","alan jackson","alan jackson","right on the money","right on the money","right on the money","rightonthemoney","4cc1cb70-a4ea-4366-98d8-c5d7ce160797"
"19","Alan Jackson","That'd Be Alright",20,"That'd Be Alright","Alan","Jackson","alan jackson","alan jackson","that'd be alright","that'd be alright","that d be alright","thatdbealright","4cc1cb70-a4ea-4366-98d8-c5d7ce160797"
"20","Alan Jackson","Too Much Of A Good Thing",13,"Too Much Of A Good Thing","Alan","Jackson","alan jackson","alan jackson","too much of a good thing","too much of a good thing","too much of a good thing","toomuchofagoodthing","4cc1cb70-a4ea-4366-98d8-c5d7ce160797"
"21","Alan Jackson","When Somebody Loves You",17,"When Somebody Loves You","Alan","Jackson","alan jackson","alan jackson","when somebody loves you","when somebody loves you","when somebody loves you","whensomebodylovesyou","4cc1cb70-a4ea-4366-98d8-c5d7ce160797"
"22","Alan Jackson","Where I Come From",20,"Where I Come From","Alan","Jackson","alan jackson","alan jackson","where i come from","where i come from","where i come from","whereicomefrom","4cc1cb70-a4ea-4366-98d8-c5d7ce160797"
"23","Alan Jackson","Where Were You (When The World Stopped Turning)",20,"Where Were You ","Alan","Jackson","alan jackson","alan jackson","where were you (when the world stopped turning)","where were you ","where were you ","wherewereyou","4cc1cb70-a4ea-4366-98d8-c5d7ce160797"
"24","Alan Jackson","Work In Progress",19,"Work In Progress","Alan","Jackson","alan jackson","alan jackson","work in progress","work in progress","work in progress","workinprogress","4cc1cb70-a4ea-4366-98d8-c5d7ce160797"
"25","Alan Jackson","www.memory",15,"www.memory","Alan","Jackson","alan jackson","alan jackson","www.memory","www.memory","www memory","wwwmemory","4cc1cb70-a4ea-4366-98d8-c5d7ce160797"
"26","Alan Jackson & Jimmy Buffett","It's Five O'Clock Somewhere",20,"It's Five O'Clock Somewhere","Alan","Buffett","alan jackson & jimmy buffett","alan jackson","it's five o'clock somewhere","it's five o'clock somewhere","it s five o clock somewhere","itsfiveoclocksomewhere","4cc1cb70-a4ea-4366-98d8-c5d7ce160797"
"27","Amanda","Everybody Doesn't",6,"Everybody Doesn't","Amanda","Amanda","amanda","amanda","everybody doesn't","everybody doesn't","everybody doesn t","everybodydoesnt","3c0eb318-d2ba-45aa-9077-b83746cc56da"
"28","Amber","Sexual (Li Da Di)",29,"Sexual ","Amber","Amber","amber","amber","sexual (li da di)","sexual ","sexual ","sexual","edf4954c-019c-4b09-ba81-c56ec3d859f9"
"29","American Idol Finalists","God Bless The U.S.A.",8,"God Bless The U.S.A.","American","Finalists","american idol finalists","american idol finalists","god bless the u.s.a.","god bless the u.s.a.","god bless the u s a ","godblesstheusa",NA
"30","Anthony Hamilton","Charlene",17,"Charlene","Anthony","Hamilton","anthony hamilton","anthony hamilton","charlene","charlene","charlene","charlene",NA
"31","ATC","Around The World (La La La La La)",18,"Around The World ","ATC","ATC","atc","atc","around the world (la la la la la)","around the world ","around the world ","aroundtheworld","c40a79e9-3b9e-492e-9469-0e5b952ad3e1"
"32","Avant","Don't Say No, Just Say Yes",4,"Don't Say No, Just Say Yes","Avant","Avant","avant","avant","don't say no, just say yes","don't say no, just say yes","don t say no  just say yes","dontsaynojustsayyes","0d67d7bb-f423-47a5-a508-d100f268f7b3"
"33","Avant","Don't Take Your Love Away",20,"Don't Take Your Love Away","Avant","Avant","avant","avant","don't take your love away","don't take your love away","don t take your love away","donttakeyourloveaway","0d67d7bb-f423-47a5-a508-d100f268f7b3"
"34","Avant","Makin' Good Love",20,"Makin' Good Love","Avant","Avant","avant","avant","makin' good love","makin' good love","makin  good love","makingoodlove","0d67d7bb-f423-47a5-a508-d100f268f7b3"
"35","Avant","Read Your Mind",26,"Read Your Mind","Avant","Avant","avant","avant","read your mind","read your mind","read your mind","readyourmind","0d67d7bb-f423-47a5-a508-d100f268f7b3"
"36","Avant","Separated",20,"Separated","Avant","Avant","avant","avant","separated","separated","separated","separated","0d67d7bb-f423-47a5-a508-d100f268f7b3"
"37","Avant Featuring KeKe Wyatt","My First Love",20,"My First Love","Avant","Wyatt","avant featuring keke wyatt","avant","my first love","my first love","my first love","myfirstlove","0d67d7bb-f423-47a5-a508-d100f268f7b3"
"38","B.G. Featuring Baby, Turk, Mannie Fresh, Juvenile & Lil' Wayne","Bling Bling",19,"Bling Bling","B","Wayne","b.g. featuring baby, turk, mannie fresh, juvenile & lil' wayne","b.g.","bling bling","bling bling","bling bling","blingbling","fd416588-35fd-494c-98b6-9015dda54779"
"39","Baby Featuring Clipse","What Happened To That Boy",11,"What Happened To That Boy","Baby","Clipse","baby featuring clipse","baby","what happened to that boy","what happened to that boy","what happened to that boy","whathappenedtothatboy","5a045b09-af06-4348-9ce6-d51b6a370770"
"40","Babyface","What If",15,"What If","Babyface","Babyface","babyface","babyface","what if","what if","what if","whatif","8456d033-2fff-4c6c-a359-5776f4d54b2c"
"41","Big & Rich","Save A Horse (Ride A Cowboy)",9,"Save A Horse ","Big","Rich","big & rich","big","save a horse (ride a cowboy)","save a horse ","save a horse ","saveahorse","89ad4ac3-39f7-470e-963a-56509c546377"
"42","Big & Rich","Wild West Show",9,"Wild West Show","Big","Rich","big & rich","big","wild west show","wild west show","wild west show","wildwestshow","89ad4ac3-39f7-470e-963a-56509c546377"
"43","Bilal","Soul Sista",14,"Soul Sista","Bilal","Bilal","bilal","bilal","soul sista","soul sista","soul sista","soulsista",NA
"44","Carl Thomas","Emotional",20,"Emotional","Carl","Thomas","carl thomas","carl thomas","emotional","emotional","emotional","emotional","4a138e60-128c-40d8-a789-02e5b4f6ad2d"
"45","Carl Thomas","Summer Rain",11,"Summer Rain","Carl","Thomas","carl thomas","carl thomas","summer rain","summer rain","summer rain","summerrain","4a138e60-128c-40d8-a789-02e5b4f6ad2d"
"46","Case","Happily Ever After",20,"Happily Ever After","Case","Case","case","case","happily ever after","happily ever after","happily ever after","happilyeverafter","e13d2935-8c42-4c0a-96d7-654062acf106"
"47","Case & Joe","Faded Pictures",19,"Faded Pictures","Case","Joe","case & joe","case","faded pictures","faded pictures","faded pictures","fadedpictures","e13d2935-8c42-4c0a-96d7-654062acf106"
"48","Cassidy Featuring Mashonda","Get No Better",12,"Get No Better","Cassidy","Mashonda","cassidy featuring mashonda","cassidy","get no better","get no better","get no better","getnobetter","6f2dfabb-f0bb-4801-a392-592489a148e7"
"49","Cassidy Featuring R. Kelly","Hotel",24,"Hotel","Cassidy","Kelly","cassidy featuring r. kelly","cassidy","hotel","hotel","hotel","hotel","6f2dfabb-f0bb-4801-a392-592489a148e7"
"50","Changing Faces","That Other Woman",11,"That Other Woman","Changing","Faces","changing faces","changing faces","that other woman","that other woman","that other woman","thatotherwoman","0b7988d8-44b7-4293-a963-3093e95aa3ae"
"51","Cher","Believe",29,"Believe","Cher","Cher","cher","cher","believe","believe","believe","believe","3d6e4b6d-2700-458c-9722-9021965a8164"
"52","Cher","Song For The Lonely",6,"Song For The Lonely","Cher","Cher","cher","cher","song for the lonely","song for the lonely","song for the lonely","songforthelonely","3d6e4b6d-2700-458c-9722-9021965a8164"
"53","Cher","Strong Enough",12,"Strong Enough","Cher","Cher","cher","cher","strong enough","strong enough","strong enough","strongenough","3d6e4b6d-2700-458c-9722-9021965a8164"
"54","Cherie","I'm Ready",2,"I'm Ready","Cherie","Cherie","cherie","cherie","i'm ready","i'm ready","i m ready","imready","4a444592-4c2a-4d3c-8e47-31d14f211fae"
"55","Chevelle","Send The Pain Below",20,"Send The Pain Below","Chevelle","Chevelle","chevelle","chevelle","send the pain below","send the pain below","send the pain below","sendthepainbelow","dbf0d18e-2952-4571-9114-b7c026bbe3ad"
"56","Chevelle","The Red",20,"The Red","Chevelle","Chevelle","chevelle","chevelle","the red","the red","the red","thered","dbf0d18e-2952-4571-9114-b7c026bbe3ad"
"57","Chevelle","Vitamin R (Leading Us Along)",6,"Vitamin R ","Chevelle","Chevelle","chevelle","chevelle","vitamin r (leading us along)","vitamin r ","vitamin r ","vitaminr","dbf0d18e-2952-4571-9114-b7c026bbe3ad"
"58","Choppa Featuring Master P","Choppa Style",6,"Choppa Style","Choppa","P","choppa featuring master p","choppa","choppa style","choppa style","choppa style","choppastyle","0799b33f-a019-4cd7-b047-6fd3e3b55528"
"59","Christina Aguilera","Come On Over Baby (All I Want Is You)",21,"Come On Over Baby ","Christina","Aguilera","christina aguilera","christina aguilera","come on over baby (all i want is you)","come on over baby ","come on over baby ","comeonoverbaby","f0fd56b1-a8b9-4b04-8ba9-2acd12cc96d6"
"60","Christina Aguilera","Fighter",20,"Fighter","Christina","Aguilera","christina aguilera","christina aguilera","fighter","fighter","fighter","fighter","f0fd56b1-a8b9-4b04-8ba9-2acd12cc96d6"
"61","Christina Aguilera","Genie In A Bottle",25,"Genie In A Bottle","Christina","Aguilera","christina aguilera","christina aguilera","genie in a bottle","genie in a bottle","genie in a bottle","genieinabottle","f0fd56b1-a8b9-4b04-8ba9-2acd12cc96d6"
"62","Christina Aguilera","I Turn To You",22,"I Turn To You","Christina","Aguilera","christina aguilera","christina aguilera","i turn to you","i turn to you","i turn to you","iturntoyou","f0fd56b1-a8b9-4b04-8ba9-2acd12cc96d6"
"63","Christina Aguilera","The Christmas Song (Chestnuts Roasting On An Open Fire)",4,"The Christmas Song ","Christina","Aguilera","christina aguilera","christina aguilera","the christmas song (chestnuts roasting on an open fire)","the christmas song ","the christmas song ","thechristmassong","f0fd56b1-a8b9-4b04-8ba9-2acd12cc96d6"
"64","Christina Aguilera","The Voice Within",16,"The Voice Within","Christina","Aguilera","christina aguilera","christina aguilera","the voice within","the voice within","the voice within","thevoicewithin","f0fd56b1-a8b9-4b04-8ba9-2acd12cc96d6"
"65","Christina Aguilera","What A Girl Wants",24,"What A Girl Wants","Christina","Aguilera","christina aguilera","christina aguilera","what a girl wants","what a girl wants","what a girl wants","whatagirlwants","f0fd56b1-a8b9-4b04-8ba9-2acd12cc96d6"
"66","Christina Aguilera Featuring Lil' Kim","Can't Hold Us Down",20,"Can't Hold Us Down","Christina","Kim","christina aguilera featuring lil' kim","christina aguilera","can't hold us down","can't hold us down","can t hold us down","cantholdusdown","f0fd56b1-a8b9-4b04-8ba9-2acd12cc96d6"
"67","Christina Aguilera Featuring Missy Elliott","Car Wash",5,"Car Wash","Christina","Elliott","christina aguilera featuring missy elliott","christina aguilera","car wash","car wash","car wash","carwash","f0fd56b1-a8b9-4b04-8ba9-2acd12cc96d6"
"68","Christina Aguilera Featuring Redman","Dirrty",20,"Dirrty","Christina","Redman","christina aguilera featuring redman","christina aguilera","dirrty","dirrty","dirrty","dirrty","f0fd56b1-a8b9-4b04-8ba9-2acd12cc96d6"
"69","Christina Aguilera, Lil' Kim, Mya & P!nk","Lady Marmalade",20,"Lady Marmalade","Christina","nk","christina aguilera, lil' kim, mya & p!nk","christina aguilera","lady marmalade","lady marmalade","lady marmalade","ladymarmalade","f0fd56b1-a8b9-4b04-8ba9-2acd12cc96d6"
"70","Cold","Stupid Girl",20,"Stupid Girl","Cold","Cold","cold","cold","stupid girl","stupid girl","stupid girl","stupidgirl","cc197bad-dc9c-440d-a5b5-d52ba2e14234"
"71","Common","The Light",19,"The Light","Common","Common","common","common","the light","the light","the light","thelight","c49ab122-c314-448f-9dc3-61cdec39bbd3"
"72","Common Featuring Mary J. Blige","Come Close To Me",15,"Come Close To Me","Common","Blige","common featuring mary j. blige","common","come close to me","come close to me","come close to me","comeclosetome","c49ab122-c314-448f-9dc3-61cdec39bbd3"
"73","Cool Breeze Featuring OutKast, Goodie Mob & Witchdoctor","Watch For The Hook",10,"Watch For The Hook","Cool","Witchdoctor","cool breeze featuring outkast, goodie mob & witchdoctor","cool breeze","watch for the hook","watch for the hook","watch for the hook","watchforthehook","42083f9d-adff-45cc-b003-73a848a3e10d"
"74","Corey Featuring Lil' Romeo","Hush Lil' Lady",13,"Hush Lil' Lady","Corey","Romeo","corey featuring lil' romeo","corey","hush lil' lady","hush lil' lady","hush lil  lady","hushlillady","e6d85c46-97ff-4f89-b30e-aa846961b01d"
"75","Craig David","7 Days",20,"7 Days","Craig","David","craig david","craig david","7 days","7 days","7 days","7days","2980a101-6ba3-4f11-967d-a38b16f70b28"
"76","Craig David","Fill Me In",27,"Fill Me In","Craig","David","craig david","craig david","fill me in","fill me in","fill me in","fillmein","2980a101-6ba3-4f11-967d-a38b16f70b28"
"77","Craig David","Walking Away",20,"Walking Away","Craig","David","craig david","craig david","walking away","walking away","walking away","walkingaway","2980a101-6ba3-4f11-967d-a38b16f70b28"
"78","Creed","Higher",57,"Higher","Creed","Creed","creed","creed","higher","higher","higher","higher","e78baa83-fb77-4aec-b40a-6d917ed6aed1"
"79","Creed","My Sacrifice",29,"My Sacrifice","Creed","Creed","creed","creed","my sacrifice","my sacrifice","my sacrifice","mysacrifice","e78baa83-fb77-4aec-b40a-6d917ed6aed1"
"80","Creed","One",20,"One","Creed","Creed","creed","creed","one","one","one","one","e78baa83-fb77-4aec-b40a-6d917ed6aed1"
"81","Creed","One Last Breath",34,"One Last Breath","Creed","Creed","creed","creed","one last breath","one last breath","one last breath","onelastbreath","e78baa83-fb77-4aec-b40a-6d917ed6aed1"
"82","Creed","With Arms Wide Open",47,"With Arms Wide Open","Creed","Creed","creed","creed","with arms wide open","with arms wide open","with arms wide open","witharmswideopen","e78baa83-fb77-4aec-b40a-6d917ed6aed1"
"83","Crossfade","Cold",21,"Cold","Crossfade","Crossfade","crossfade","crossfade","cold","cold","cold","cold",NA
"84","D'Angelo","Untitled (How Does It Feel)",17,"Untitled ","D","Angelo","d'angelo","d'angelo","untitled (how does it feel)","untitled ","untitled ","untitled",NA
"85","D'Angelo Featuring Method Man And Redman","Left & Right",5,"Left & Right","D","Redman","d'angelo featuring method man and redman","d'angelo","left & right","left & right","left   right","leftright",NA
"86","Daft Punk","One More Time",16,"One More Time","Daft","Punk","daft punk","daft punk","one more time","one more time","one more time","onemoretime","7b75e88a-f211-4886-8c3d-dd9d7171eee5"
"87","Daniel Rodriguez","God Bless America",2,"God Bless America","Daniel","Rodriguez","daniel rodriguez","daniel rodriguez","god bless america","god bless america","god bless america","godblessamerica","3baf943f-c7aa-4ec3-94b7-d2f057fb5496"
"88","David Ball","Riding With Private Malone",20,"Riding With Private Malone","David","Ball","david ball","david ball","riding with private malone","riding with private malone","riding with private malone","ridingwithprivatemalone","8e1b3b24-8a87-4a00-ab02-aad300d5895d"
"89","De La Soul Featuring Chaka Khan","All Good?",3,"All Good?","De","Khan","de la soul featuring chaka khan","de la soul","all good?","all good?","all good ","allgood","a904f60a-b8d2-4ed5-90b5-569bf28d1a80"
"90","Default","Wasting My Time",35,"Wasting My Time","Default","Default","default","default","wasting my time","wasting my time","wasting my time","wastingmytime","7d2d2357-d3ab-49a1-a042-6f31f2578059"
"91","Dem Franchize Boyz","White Tee's",13,"White Tee's","Dem","Boyz","dem franchize boyz","dem franchize boyz","white tee's","white tee's","white tee s","whitetees","af84073d-3b6d-4390-9d3f-bf65a91c824f"
"92","Dido","White Flag",41,"White Flag","Dido","Dido","dido","dido","white flag","white flag","white flag","whiteflag","518531b7-cb73-4307-b13e-c716471539a8"
"93","Disturbed","Prayer",20,"Prayer","Disturbed","Disturbed","disturbed","disturbed","prayer","prayer","prayer","prayer",NA
"94","Divine","One More Try",9,"One More Try","Divine","Divine","divine","divine","one more try","one more try","one more try","onemoretry","49c4378b-3c36-4c5a-8999-8d936e74f39b"
"95","DMX","Party Up (Up In Here)",21,"Party Up ","DMX","DMX","dmx","dmx","party up (up in here)","party up ","party up ","partyup","a3494b6a-32b5-416c-8dea-dce62c8e9244"
"96","DMX","Ruff Ryders' Anthem",4,"Ruff Ryders' Anthem","DMX","DMX","dmx","dmx","ruff ryders' anthem","ruff ryders' anthem","ruff ryders  anthem","ruffrydersanthem","a3494b6a-32b5-416c-8dea-dce62c8e9244"
"97","DMX","What's My Name",11,"What's My Name","DMX","DMX","dmx","dmx","what's my name","what's my name","what s my name","whatsmyname","a3494b6a-32b5-416c-8dea-dce62c8e9244"
"98","DMX","Where The Hood At",8,"Where The Hood At","DMX","DMX","dmx","dmx","where the hood at","where the hood at","where the hood at","wherethehoodat","a3494b6a-32b5-416c-8dea-dce62c8e9244"
"99","DMX","Who We Be",12,"Who We Be","DMX","DMX","dmx","dmx","who we be","who we be","who we be","whowebe","a3494b6a-32b5-416c-8dea-dce62c8e9244"
"100","DMX","X Gon' Give It To Ya",16,"X Gon' Give It To Ya","DMX","DMX","dmx","dmx","x gon' give it to ya","x gon' give it to ya","x gon  give it to ya","xgongiveittoya","a3494b6a-32b5-416c-8dea-dce62c8e9244"
"101","DMX Featuring Sisqo","What You Want",20,"What You Want","DMX","Sisqo","dmx featuring sisqo","dmx","what you want","what you want","what you want","whatyouwant","a3494b6a-32b5-416c-8dea-dce62c8e9244"
"102","Donna Summer","I Will Go With You (Con Te Partiro)",9,"I Will Go With You ","Donna","Summer","donna summer","donna summer","i will go with you (con te partiro)","i will go with you ","i will go with you ","iwillgowithyou","5c01ba41-ab67-47c4-ba4c-4f40b2724afd"
"103","Drama","Left, Right, Left",13,"Left, Right, Left","Drama","Drama","drama","drama","left, right, left","left, right, left","left  right  left","leftrightleft","8460788f-5193-4cd3-a719-4f767e8439a7"
"104","Dream","He Loves U Not",28,"He Loves U Not","Dream","Dream","dream","dream","he loves u not","he loves u not","he loves u not","helovesunot","23d8426c-18c7-46e6-a51d-7395bd43c641"
"105","Dream","This Is Me",20,"This Is Me","Dream","Dream","dream","dream","this is me","this is me","this is me","thisisme","23d8426c-18c7-46e6-a51d-7395bd43c641"
"106","Elephant Man","Jook Gal (Wine Wine)",18,"Jook Gal ","Elephant","Man","elephant man","elephant man","jook gal (wine wine)","jook gal ","jook gal ","jookgal","34611b38-b12e-4770-9817-12c5c643aea5"
"107","Elephant Man","Pon De River, Pon De Bank",13,"Pon De River, Pon De Bank","Elephant","Man","elephant man","elephant man","pon de river, pon de bank","pon de river, pon de bank","pon de river  pon de bank","ponderiverpondebank","34611b38-b12e-4770-9817-12c5c643aea5"
"108","Elvis Presley vs JXL","A Little Less Conversation",9,"A Little Less Conversation","Elvis","JXL","elvis presley vs jxl","elvis presley vs jxl","a little less conversation","a little less conversation","a little less conversation","alittlelessconversation",NA
"109","Emilia","Big Big World",1,"Big Big World","Emilia","Emilia","emilia","emilia","big big world","big big world","big big world","bigbigworld","07604f0c-218b-4233-94d9-57c4a5432c3a"
"110","Eve","Gotta Man",16,"Gotta Man","Eve","Eve","eve","eve","gotta man","gotta man","gotta man","gottaman","f4464a44-3153-4c64-893c-a9d23fc93925"
"111","Eve","Satisfaction",16,"Satisfaction","Eve","Eve","eve","eve","satisfaction","satisfaction","satisfaction","satisfaction","f4464a44-3153-4c64-893c-a9d23fc93925"
"112","Eve","Who's That Girl?",18,"Who's That Girl?","Eve","Eve","eve","eve","who's that girl?","who's that girl?","who s that girl ","whosthatgirl","f4464a44-3153-4c64-893c-a9d23fc93925"
"113","Eve & Jadakiss","Got It All",5,"Got It All","Eve","Jadakiss","eve & jadakiss","eve","got it all","got it all","got it all","gotitall","f4464a44-3153-4c64-893c-a9d23fc93925"
"114","EVE & Nokio","What Ya Want",20,"What Ya Want","EVE","Nokio","eve & nokio","eve","what ya want","what ya want","what ya want","whatyawant","f4464a44-3153-4c64-893c-a9d23fc93925"
"115","Eve Featuring Alicia Keys","Gangsta Lovin'",22,"Gangsta Lovin'","Eve","Keys","eve featuring alicia keys","eve","gangsta lovin'","gangsta lovin'","gangsta lovin ","gangstalovin","f4464a44-3153-4c64-893c-a9d23fc93925"
"116","Eve Featuring Faith Evans","Love Is Blind",16,"Love Is Blind","Eve","Evans","eve featuring faith evans","eve","love is blind","love is blind","love is blind","loveisblind","f4464a44-3153-4c64-893c-a9d23fc93925"
"117","Eve Featuring Gwen Stefani","Let Me Blow Ya Mind",33,"Let Me Blow Ya Mind","Eve","Stefani","eve featuring gwen stefani","eve","let me blow ya mind","let me blow ya mind","let me blow ya mind","letmeblowyamind","f4464a44-3153-4c64-893c-a9d23fc93925"
"118","Everything","Hooch",3,"Hooch","Everything","Everything","everything","everything","hooch","hooch","hooch","hooch","251e10fb-4ed1-4a79-8655-7f22d461a689"
"119","Filter","Take A Picture",20,"Take A Picture","Filter","Filter","filter","filter","take a picture","take a picture","take a picture","takeapicture","678f1209-5cc2-426e-a69b-96e526dfb607"
"120","Filter","Where Do We Go From Here",5,"Where Do We Go From Here","Filter","Filter","filter","filter","where do we go from here","where do we go from here","where do we go from here","wheredowegofromhere","678f1209-5cc2-426e-a69b-96e526dfb607"
"121","Five","It's The Things You Do",3,"It's The Things You Do","Five","Five","five","five","it's the things you do","it's the things you do","it s the things you do","itsthethingsyoudo","b2cc8903-0077-4bef-8454-ac5cef53d126"
"122","Five","Slam Dunk",2,"Slam Dunk","Five","Five","five","five","slam dunk","slam dunk","slam dunk","slamdunk","b2cc8903-0077-4bef-8454-ac5cef53d126"
"123","Foxy Brown","Hot Spot",6,"Hot Spot","Foxy","Brown","foxy brown","foxy brown","hot spot","hot spot","hot spot","hotspot","fd87374e-ffde-4d36-89a8-8a073f795666"
"124","Frankie J","Don't Wanna Try",20,"Don't Wanna Try","Frankie","J","frankie j","frankie j","don't wanna try","don't wanna try","don t wanna try","dontwannatry","52ea9c6a-1c51-4fa8-bb1e-220777c72ca6"
"125","Freeway Featuring Jay-Z & Beanie Sigel","What We Do",2,"What We Do","Freeway","Sigel","freeway featuring jay-z & beanie sigel","freeway","what we do","what we do","what we do","whatwedo","144165d1-ab52-406c-ad6f-a92ab038c754"
"126","Freeway Featuring Peedi Crakk","Flipside",3,"Flipside","Freeway","Crakk","freeway featuring peedi crakk","freeway","flipside","flipside","flipside","flipside","144165d1-ab52-406c-ad6f-a92ab038c754"
"127","Garbage","Special",13,"Special","Garbage","Garbage","garbage","garbage","special","special","special","special",NA
"128","Garth Brooks as Chris Gaines","Lost In You",10,"Lost In You","Garth","Gaines","garth brooks as chris gaines","garth brooks as chris gaines","lost in you","lost in you","lost in you","lostinyou",NA
"129","Gerald Levert","Baby U Are",5,"Baby U Are","Gerald","Levert","gerald levert","gerald levert","baby u are","baby u are","baby u are","babyuare","bf88f954-bc38-429f-a049-74ffa7c27b52"
"130","Gerald Levert","Mr. Too Damn Good",8,"Mr. Too Damn Good","Gerald","Levert","gerald levert","gerald levert","mr. too damn good","mr. too damn good","mr  too damn good","mrtoodamngood","bf88f954-bc38-429f-a049-74ffa7c27b52"
"131","Gerald Levert","Taking Everything",12,"Taking Everything","Gerald","Levert","gerald levert","gerald levert","taking everything","taking everything","taking everything","takingeverything","bf88f954-bc38-429f-a049-74ffa7c27b52"
"132","Glenn Lewis","Don't You Forget It",20,"Don't You Forget It","Glenn","Lewis","glenn lewis","glenn lewis","don't you forget it","don't you forget it","don t you forget it","dontyouforgetit","a717be4f-8b3d-4355-b33c-2b84f88fe40d"
"133","Good Charlotte","Girls And Boys",13,"Girls And Boys","Good","Charlotte","good charlotte","good charlotte","girls and boys","girls and boys","girls and boys","girlsandboys","95695676-369f-4f65-abd9-4f69cc42b8e9"
"134","Good Charlotte","Lifestyles Of The Rich And Famous",20,"Lifestyles Of The Rich And Famous","Good","Charlotte","good charlotte","good charlotte","lifestyles of the rich and famous","lifestyles of the rich and famous","lifestyles of the rich and famous","lifestylesoftherichandfamous","95695676-369f-4f65-abd9-4f69cc42b8e9"
"135","Good Charlotte","The Anthem",11,"The Anthem","Good","Charlotte","good charlotte","good charlotte","the anthem","the anthem","the anthem","theanthem","95695676-369f-4f65-abd9-4f69cc42b8e9"
"136","Green Day","American Idiot",19,"American Idiot","Green","Day","green day","green day","american idiot","american idiot","american idiot","americanidiot",NA
"137","Green Day","Boulevard Of Broken Dreams",5,"Boulevard Of Broken Dreams","Green","Day","green day","green day","boulevard of broken dreams","boulevard of broken dreams","boulevard of broken dreams","boulevardofbrokendreams",NA
"138","Guy","Dancin'",11,"Dancin'","Guy","Guy","guy","guy","dancin'","dancin'","dancin ","dancin","4336a134-d091-4e54-9967-c7c433db6d4e"
"139","Hanson","This Time Around",7,"This Time Around","Hanson","Hanson","hanson","hanson","this time around","this time around","this time around","thistimearound","15623532-127b-49b8-94e4-2f2e4caa13e3"
"140","Hole","Celebrity Skin",5,"Celebrity Skin","Hole","Hole","hole","hole","celebrity skin","celebrity skin","celebrity skin","celebrityskin","1e3c1562-c498-44f0-9fcf-fa97f2e4d396"
"141","Hole","Malibu",3,"Malibu","Hole","Hole","hole","hole","malibu","malibu","malibu","malibu","1e3c1562-c498-44f0-9fcf-fa97f2e4d396"
"142","Houston Featuring Chingy, Nate Dogg & I-20","I Like That",20,"I Like That","Houston","20","houston featuring chingy, nate dogg & i-20","houston","i like that","i like that","i like that","ilikethat","0307edfc-437c-4b48-8700-80680e66a228"
"143","iio","Rapture (Tastes So Sweet)",15,"Rapture ","iio","iio","iio","iio","rapture (tastes so sweet)","rapture ","rapture ","rapture","c46353d9-8130-4208-ba97-2481933e509e"
"144","Incubus","Drive",39,"Drive","Incubus","Incubus","incubus","incubus","drive","drive","drive","drive","381178df-339f-447a-a68b-e4ef306b3da1"
"145","Incubus","Megalomaniac",20,"Megalomaniac","Incubus","Incubus","incubus","incubus","megalomaniac","megalomaniac","megalomaniac","megalomaniac","381178df-339f-447a-a68b-e4ef306b3da1"
"146","Jagged Edge","He Can't Love U",20,"He Can't Love U","Jagged","Edge","jagged edge","jagged edge","he can't love u","he can't love u","he can t love u","hecantloveu","74193d3b-fddb-4e33-a168-3abb7b68d081"
"147","Jagged Edge","Let's Get Married",24,"Let's Get Married","Jagged","Edge","jagged edge","jagged edge","let's get married","let's get married","let s get married","letsgetmarried","74193d3b-fddb-4e33-a168-3abb7b68d081"
"148","Jagged Edge","Promise",21,"Promise","Jagged","Edge","jagged edge","jagged edge","promise","promise","promise","promise","74193d3b-fddb-4e33-a168-3abb7b68d081"
"149","Jagged Edge","What's It Like",2,"What's It Like","Jagged","Edge","jagged edge","jagged edge","what's it like","what's it like","what s it like","whatsitlike","74193d3b-fddb-4e33-a168-3abb7b68d081"
"150","Jagged Edge With Nelly","Where The Party At",29,"Where The Party At","Jagged","Nelly","jagged edge with nelly","jagged edge","where the party at","where the party at","where the party at","wherethepartyat","74193d3b-fddb-4e33-a168-3abb7b68d081"
"151","Javier","Crazy",8,"Crazy","Javier","Javier","javier","javier","crazy","crazy","crazy","crazy","ea500f98-4c6e-491f-ae49-cc13f44e623b"
"152","Jet","Are You Gonna Be My Girl",25,"Are You Gonna Be My Girl","Jet","Jet","jet","jet","are you gonna be my girl","are you gonna be my girl","are you gonna be my girl","areyougonnabemygirl","4ef2e44d-e90f-49d1-a786-a77a00560e78"
"153","Jet","Cold Hard Bitch",20,"Cold Hard Bitch","Jet","Jet","jet","jet","cold hard bitch","cold hard bitch","cold hard bitch","coldhardbitch","4ef2e44d-e90f-49d1-a786-a77a00560e78"
"154","Joe","I Wanna Know",44,"I Wanna Know","Joe","Joe","joe","joe","i wanna know","i wanna know","i wanna know","iwannaknow","32f2d6bd-c22b-42cf-a7bc-0c4b48cd2bcb"
"155","Joe","Let's Stay Home Tonight",12,"Let's Stay Home Tonight","Joe","Joe","joe","joe","let's stay home tonight","let's stay home tonight","let s stay home tonight","letsstayhometonight","32f2d6bd-c22b-42cf-a7bc-0c4b48cd2bcb"
"156","Joe","More & More",20,"More & More","Joe","Joe","joe","joe","more & more","more & more","more   more","moremore","32f2d6bd-c22b-42cf-a7bc-0c4b48cd2bcb"
"157","Joe","Treat Her Like A Lady",17,"Treat Her Like A Lady","Joe","Joe","joe","joe","treat her like a lady","treat her like a lady","treat her like a lady","treatherlikealady","32f2d6bd-c22b-42cf-a7bc-0c4b48cd2bcb"
"158","Joe","What If A Woman",16,"What If A Woman","Joe","Joe","joe","joe","what if a woman","what if a woman","what if a woman","whatifawoman","32f2d6bd-c22b-42cf-a7bc-0c4b48cd2bcb"
"159","Joe Featuring G-Unit","Ride Wit U",14,"Ride Wit U","Joe","Unit","joe featuring g-unit","joe","ride wit u","ride wit u","ride wit u","ridewitu","32f2d6bd-c22b-42cf-a7bc-0c4b48cd2bcb"
"160","Joe Featuring Mystikal","Stutter",26,"Stutter","Joe","Mystikal","joe featuring mystikal","joe","stutter","stutter","stutter","stutter","32f2d6bd-c22b-42cf-a7bc-0c4b48cd2bcb"
"161","John Mayer","Bigger Than My Body",20,"Bigger Than My Body","John","Mayer","john mayer","john mayer","bigger than my body","bigger than my body","bigger than my body","biggerthanmybody","c50c8d6f-721b-4f79-9186-0e32c729e860"
"162","John Mayer","Daughters",8,"Daughters","John","Mayer","john mayer","john mayer","daughters","daughters","daughters","daughters","c50c8d6f-721b-4f79-9186-0e32c729e860"
"163","John Mayer","No Such Thing",24,"No Such Thing","John","Mayer","john mayer","john mayer","no such thing","no such thing","no such thing","nosuchthing","c50c8d6f-721b-4f79-9186-0e32c729e860"
"164","John Mayer","Your Body Is A Wonderland",29,"Your Body Is A Wonderland","John","Mayer","john mayer","john mayer","your body is a wonderland","your body is a wonderland","your body is a wonderland","yourbodyisawonderland","c50c8d6f-721b-4f79-9186-0e32c729e860"
"165","JoJo","Leave (Get Out)",29,"Leave ","JoJo","JoJo","jojo","jojo","leave (get out)","leave ","leave ","leave","2dd3f3ff-9f00-4de9-9687-d25421216c2b"
"166","JoJo Featuring Bow Wow","Baby It's You",12,"Baby It's You","JoJo","Wow","jojo featuring bow wow","jojo","baby it's you","baby it's you","baby it s you","babyitsyou","2dd3f3ff-9f00-4de9-9687-d25421216c2b"
"167","Jonell & Method Man","Round And Round",17,"Round And Round","Jonell","Man","jonell & method man","jonell","round and round","round and round","round and round","roundandround","03bc21da-c2d1-4830-a8fb-75d8a428a131"
"168","Jordan Knight","Give It To You",20,"Give It To You","Jordan","Knight","jordan knight","jordan knight","give it to you","give it to you","give it to you","giveittoyou",NA
"169","Josh Turner","Long Black Train",18,"Long Black Train","Josh","Turner","josh turner","josh turner","long black train","long black train","long black train","longblacktrain","fa904a7b-e3f7-4c47-951f-9566f202e3ca"
"170","Julie Roberts","Break Down Here",12,"Break Down Here","Julie","Roberts","julie roberts","julie roberts","break down here","break down here","break down here","breakdownhere","64c09807-3793-49ca-8228-2be8cdcb4f55"
"171","K-Ci & JoJo","Crazy",25,"Crazy","K","JoJo","k-ci & jojo","k-ci","crazy","crazy","crazy","crazy","6d1b9399-3045-4d43-b753-b3af3d0696c4"
"172","K-Ci & JoJo","Life",17,"Life","K","JoJo","k-ci & jojo","k-ci","life","life","life","life","6d1b9399-3045-4d43-b753-b3af3d0696c4"
"173","K-Ci & JoJo","Tell Me It's Real",20,"Tell Me It's Real","K","JoJo","k-ci & jojo","k-ci","tell me it's real","tell me it's real","tell me it s real","tellmeitsreal","6d1b9399-3045-4d43-b753-b3af3d0696c4"
"174","Keith Murray Featuring Def Squad","Yeah Yeah U Know It",1,"Yeah Yeah U Know It","Keith","Squad","keith murray featuring def squad","keith murray","yeah yeah u know it","yeah yeah u know it","yeah yeah u know it","yeahyeahuknowit","89380b6c-0961-44ad-a7fe-f9115d840aac"
"175","Keith Sweat","I'm Not Ready",10,"I'm Not Ready","Keith","Sweat","keith sweat","keith sweat","i'm not ready","i'm not ready","i m not ready","imnotready","bf88f954-bc38-429f-a049-74ffa7c27b52"
"176","Keith Sweat Featuring Snoop Dogg","Come And Get With Me",5,"Come And Get With Me","Keith","Dogg","keith sweat featuring snoop dogg","keith sweat","come and get with me","come and get with me","come and get with me","comeandgetwithme","bf88f954-bc38-429f-a049-74ffa7c27b52"
"177","Kenny Rogers With Alison Krauss & Billy Dean","Buy Me A Rose",20,"Buy Me A Rose","Kenny","Dean","kenny rogers with alison krauss & billy dean","kenny rogers","buy me a rose","buy me a rose","buy me a rose","buymearose","007554f9-945c-48cb-a825-17dcb3c5fbd2"
"178","Leslie Carter","Like, Wow!",1,"Like, Wow!","Leslie","Carter","leslie carter","leslie carter","like, wow!","like, wow!","like  wow ","likewow","e8666e7f-b9ec-4773-b765-3c2cc1927f01"
"179","LFO","Every Other Time",18,"Every Other Time","LFO","LFO","lfo","lfo","every other time","every other time","every other time","everyothertime","e6d0179f-b899-4563-b6c6-88715aaae0b8"
"180","LFO","Girl On TV",17,"Girl On TV","LFO","LFO","lfo","lfo","girl on tv","girl on tv","girl on tv","girlontv","e6d0179f-b899-4563-b6c6-88715aaae0b8"
"181","LFO","I Don't Wanna Kiss You Goodnight",5,"I Don't Wanna Kiss You Goodnight","LFO","LFO","lfo","lfo","i don't wanna kiss you goodnight","i don't wanna kiss you goodnight","i don t wanna kiss you goodnight","idontwannakissyougoodnight","e6d0179f-b899-4563-b6c6-88715aaae0b8"
"182","LFO","Summer Girls",17,"Summer Girls","LFO","LFO","lfo","lfo","summer girls","summer girls","summer girls","summergirls","e6d0179f-b899-4563-b6c6-88715aaae0b8"
"183","LFO","West Side Story",4,"West Side Story","LFO","LFO","lfo","lfo","west side story","west side story","west side story","westsidestory","e6d0179f-b899-4563-b6c6-88715aaae0b8"
"184","Lil' Mo","Ta Da",7,"Ta Da","Lil","Mo","lil' mo","lil' mo","ta da","ta da","ta da","tada","825463f6-8c5c-4be4-8487-6428d6c01c8c"
"185","Lil' Mo Featuring Fabolous","4 Ever",20,"4 Ever","Lil","Fabolous","lil' mo featuring fabolous","lil' mo","4 ever","4 ever","4 ever","4ever","825463f6-8c5c-4be4-8487-6428d6c01c8c"
"186","Lil' Mo Featuring Fabolous","Superwoman Pt. II",22,"Superwoman Pt. II","Lil","Fabolous","lil' mo featuring fabolous","lil' mo","superwoman pt. ii","superwoman pt. ii","superwoman pt  ii","superwomanptii","825463f6-8c5c-4be4-8487-6428d6c01c8c"
"187","Linkin Park","Breaking The Habit",20,"Breaking The Habit","Linkin","Park","linkin park","linkin park","breaking the habit","breaking the habit","breaking the habit","breakingthehabit",NA
"188","Linkin Park","Crawling",20,"Crawling","Linkin","Park","linkin park","linkin park","crawling","crawling","crawling","crawling",NA
"189","Linkin Park","Faint",20,"Faint","Linkin","Park","linkin park","linkin park","faint","faint","faint","faint",NA
"190","Linkin Park","In The End",38,"In The End","Linkin","Park","linkin park","linkin park","in the end","in the end","in the end","intheend",NA
"191","Linkin Park","Lying From You",18,"Lying From You","Linkin","Park","linkin park","linkin park","lying from you","lying from you","lying from you","lyingfromyou",NA
"192","Linkin Park","Numb",32,"Numb","Linkin","Park","linkin park","linkin park","numb","numb","numb","numb",NA
"193","Linkin Park","One Step Closer",17,"One Step Closer","Linkin","Park","linkin park","linkin park","one step closer","one step closer","one step closer","onestepcloser",NA
"194","Linkin Park","Somewhere I Belong",20,"Somewhere I Belong","Linkin","Park","linkin park","linkin park","somewhere i belong","somewhere i belong","somewhere i belong","somewhereibelong",NA
"195","Lionel Richie","Just For You",17,"Just For You","Lionel","Richie","lionel richie","lionel richie","just for you","just for you","just for you","justforyou","900ab237-327b-44e2-87e4-73250bbe025a"
"196","Lit","My Own Worst Enemy",20,"My Own Worst Enemy","Lit","Lit","lit","lit","my own worst enemy","my own worst enemy","my own worst enemy","myownworstenemy","e6ab6a80-2750-4901-ae2c-e837952a34ac"
"197","Lloyd Featuring Ashanti","Southside",20,"Southside","Lloyd","Ashanti","lloyd featuring ashanti","lloyd","southside","southside","southside","southside","980ee2d8-2ee9-407b-b48e-48360fbc7437"
"198","Lonestar","Amazed",55,"Amazed","Lonestar","Lonestar","lonestar","lonestar","amazed","amazed","amazed","amazed","0049662c-f3b0-4651-9d64-6b3bc3f81548"
"199","Lonestar","I'm Already There",20,"I'm Already There","Lonestar","Lonestar","lonestar","lonestar","i'm already there","i'm already there","i m already there","imalreadythere","0049662c-f3b0-4651-9d64-6b3bc3f81548"
"200","Lonestar","Let's Be Us Again",20,"Let's Be Us Again","Lonestar","Lonestar","lonestar","lonestar","let's be us again","let's be us again","let s be us again","letsbeusagain","0049662c-f3b0-4651-9d64-6b3bc3f81548"
"201","Lonestar","Mr. Mom",15,"Mr. Mom","Lonestar","Lonestar","lonestar","lonestar","mr. mom","mr. mom","mr  mom","mrmom","0049662c-f3b0-4651-9d64-6b3bc3f81548"
"202","Lonestar","My Front Porch Looking In",22,"My Front Porch Looking In","Lonestar","Lonestar","lonestar","lonestar","my front porch looking in","my front porch looking in","my front porch looking in","myfrontporchlookingin","0049662c-f3b0-4651-9d64-6b3bc3f81548"
"203","Lonestar","Not A Day Goes By",17,"Not A Day Goes By","Lonestar","Lonestar","lonestar","lonestar","not a day goes by","not a day goes by","not a day goes by","notadaygoesby","0049662c-f3b0-4651-9d64-6b3bc3f81548"
"204","Lonestar","Smile",20,"Smile","Lonestar","Lonestar","lonestar","lonestar","smile","smile","smile","smile","0049662c-f3b0-4651-9d64-6b3bc3f81548"
"205","Lonestar","Tell Her",20,"Tell Her","Lonestar","Lonestar","lonestar","lonestar","tell her","tell her","tell her","tellher","0049662c-f3b0-4651-9d64-6b3bc3f81548"
"206","Lonestar","Unusually Unusual",5,"Unusually Unusual","Lonestar","Lonestar","lonestar","lonestar","unusually unusual","unusually unusual","unusually unusual","unusuallyunusual","0049662c-f3b0-4651-9d64-6b3bc3f81548"
"207","Lonestar","Walking In Memphis",11,"Walking In Memphis","Lonestar","Lonestar","lonestar","lonestar","walking in memphis","walking in memphis","walking in memphis","walkinginmemphis","0049662c-f3b0-4651-9d64-6b3bc3f81548"
"208","Lonestar","What About Now",20,"What About Now","Lonestar","Lonestar","lonestar","lonestar","what about now","what about now","what about now","whataboutnow","0049662c-f3b0-4651-9d64-6b3bc3f81548"
"209","Lonestar","With Me",15,"With Me","Lonestar","Lonestar","lonestar","lonestar","with me","with me","with me","withme","0049662c-f3b0-4651-9d64-6b3bc3f81548"
"210","Loon Featuring Kelis","How You Want That",6,"How You Want That","Loon","Kelis","loon featuring kelis","loon","how you want that","how you want that","how you want that","howyouwantthat","78e7a7cc-1e02-401a-81b7-0aef7d6d46ba"
"211","M.V.P. (Most Valuable Playas) Featuring Stagga Lee","Roc Ya Body ""Mic Check 1,2""",8,"Roc Ya Body ""Mic Check 1,2""","M","Lee","m.v.p. (most valuable playas) featuring stagga lee","m.v.p. (most valuable playas)","roc ya body ""mic check 1,2""","roc ya body ""mic check 1,2""","roc ya body  mic check 1 2 ","rocyabodymiccheck12",NA
"212","Marc Anthony","I've Got You",14,"I've Got You","Marc","Anthony","marc anthony","marc anthony","i've got you","i've got you","i ve got you","ivegotyou",NA
"213","Marc Anthony","I Need To Know",40,"I Need To Know","Marc","Anthony","marc anthony","marc anthony","i need to know","i need to know","i need to know","ineedtoknow",NA
"214","Marc Anthony","My Baby You",20,"My Baby You","Marc","Anthony","marc anthony","marc anthony","my baby you","my baby you","my baby you","mybabyyou",NA
"215","Marc Anthony","You Sang To Me",32,"You Sang To Me","Marc","Anthony","marc anthony","marc anthony","you sang to me","you sang to me","you sang to me","yousangtome",NA
"216","Mario","Braid My Hair",8,"Braid My Hair","Mario","Mario","mario","mario","braid my hair","braid my hair","braid my hair","braidmyhair","60d7fdfc-2cd0-47e0-8422-7d2989e523c3"
"217","Mario","Just A Friend 2002",21,"Just A Friend 2002","Mario","Mario","mario","mario","just a friend 2002","just a friend 2002","just a friend 2002","justafriend2002","60d7fdfc-2cd0-47e0-8422-7d2989e523c3"
"218","Mario","Let Me Love You",10,"Let Me Love You","Mario","Mario","mario","mario","let me love you","let me love you","let me love you","letmeloveyou","60d7fdfc-2cd0-47e0-8422-7d2989e523c3"
"219","Maroon 5","Harder To Breathe",22,"Harder To Breathe","Maroon","5","maroon 5","maroon 5","harder to breathe","harder to breathe","harder to breathe","hardertobreathe","0407a14a-8430-489d-8c26-e6a328bd93d4"
"220","Maroon 5","She Will Be Loved",23,"She Will Be Loved","Maroon","5","maroon 5","maroon 5","she will be loved","she will be loved","she will be loved","shewillbeloved","0407a14a-8430-489d-8c26-e6a328bd93d4"
"221","Maroon 5","This Love",43,"This Love","Maroon","5","maroon 5","maroon 5","this love","this love","this love","thislove","0407a14a-8430-489d-8c26-e6a328bd93d4"
"222","Mary Mary","Shackles (Praise You)",20,"Shackles ","Mary","Mary","mary mary","mary mary","shackles (praise you)","shackles ","shackles ","shackles","4c93112b-1632-4e5b-b461-8435dedb2e35"
"223","Mase","Welcome Back",12,"Welcome Back","Mase","Mase","mase","mase","welcome back","welcome back","welcome back","welcomeback","6abe1708-3070-43c1-bb2a-29bf30c82858"
"224","Mase Featuring P. Diddy","Breathe, Stretch, Shake",16,"Breathe, Stretch, Shake","Mase","Diddy","mase featuring p. diddy","mase","breathe, stretch, shake","breathe, stretch, shake","breathe  stretch  shake","breathestretchshake","6abe1708-3070-43c1-bb2a-29bf30c82858"
"225","Maxwell","Fortunate",25,"Fortunate","Maxwell","Maxwell","maxwell","maxwell","fortunate","fortunate","fortunate","fortunate","e3492ea0-5997-4241-a7bf-2fd7fb1bfad1"
"226","Maxwell","Lifetime",20,"Lifetime","Maxwell","Maxwell","maxwell","maxwell","lifetime","lifetime","lifetime","lifetime","e3492ea0-5997-4241-a7bf-2fd7fb1bfad1"
"227","Maxwell","This Woman's Work",15,"This Woman's Work","Maxwell","Maxwell","maxwell","maxwell","this woman's work","this woman's work","this woman s work","thiswomanswork","e3492ea0-5997-4241-a7bf-2fd7fb1bfad1"
"228","Mercedes Featuring Master P","It's Your Thing",4,"It's Your Thing","Mercedes","P","mercedes featuring master p","mercedes","it's your thing","it's your thing","it s your thing","itsyourthing","324b9329-7be6-491f-9ee1-65bfa10c7577"
"229","Method Man Featuring D'Angelo","Break Ups 2 Make Ups",2,"Break Ups 2 Make Ups","Method","Angelo","method man featuring d'angelo","method man","break ups 2 make ups","break ups 2 make ups","break ups 2 make ups","breakups2makeups","c03e2388-9e1b-4b78-8194-28c0d6ca19a0"
"230","Michelle Branch","All You Wanted",28,"All You Wanted","Michelle","Branch","michelle branch","michelle branch","all you wanted","all you wanted","all you wanted","allyouwanted","53f402db-7d17-4927-ba1c-35e75f76c24e"
"231","Michelle Branch","Are You Happy Now?",20,"Are You Happy Now?","Michelle","Branch","michelle branch","michelle branch","are you happy now?","are you happy now?","are you happy now ","areyouhappynow","53f402db-7d17-4927-ba1c-35e75f76c24e"
"232","Michelle Branch","Everywhere",20,"Everywhere","Michelle","Branch","michelle branch","michelle branch","everywhere","everywhere","everywhere","everywhere","53f402db-7d17-4927-ba1c-35e75f76c24e"
"233","Michelle Branch","Goodbye To You",20,"Goodbye To You","Michelle","Branch","michelle branch","michelle branch","goodbye to you","goodbye to you","goodbye to you","goodbyetoyou","53f402db-7d17-4927-ba1c-35e75f76c24e"
"234","Monica","All Eyez On Me",7,"All Eyez On Me","Monica","Monica","monica","monica","all eyez on me","all eyez on me","all eyez on me","alleyezonme","cc4c4d9d-1598-4c86-9158-4a39fa97e6ff"
"235","Monica","Angel Of Mine",26,"Angel Of Mine","Monica","Monica","monica","monica","angel of mine","angel of mine","angel of mine","angelofmine","cc4c4d9d-1598-4c86-9158-4a39fa97e6ff"
"236","Monica","Just Another Girl",13,"Just Another Girl","Monica","Monica","monica","monica","just another girl","just another girl","just another girl","justanothergirl","cc4c4d9d-1598-4c86-9158-4a39fa97e6ff"
"237","Monica","Knock Knock",18,"Knock Knock","Monica","Monica","monica","monica","knock knock","knock knock","knock knock","knockknock","cc4c4d9d-1598-4c86-9158-4a39fa97e6ff"
"238","Monica","So Gone",22,"So Gone","Monica","Monica","monica","monica","so gone","so gone","so gone","sogone","cc4c4d9d-1598-4c86-9158-4a39fa97e6ff"
"239","Monica","The First Night",3,"The First Night","Monica","Monica","monica","monica","the first night","the first night","the first night","thefirstnight","cc4c4d9d-1598-4c86-9158-4a39fa97e6ff"
"240","Monica","U Should've Known Better",20,"U Should've Known Better","Monica","Monica","monica","monica","u should've known better","u should've known better","u should ve known better","ushouldveknownbetter","cc4c4d9d-1598-4c86-9158-4a39fa97e6ff"
"241","Nelly","(Hot S**t) Country Grammar",34," Country Grammar","Nelly","Nelly","nelly","nelly","(hot s**t) country grammar"," country grammar"," country grammar","countrygrammar","13655113-cd16-4b43-9dca-cadbbf26ee05"
"242","Nelly","Flap Your Wings",11,"Flap Your Wings","Nelly","Nelly","nelly","nelly","flap your wings","flap your wings","flap your wings","flapyourwings","13655113-cd16-4b43-9dca-cadbbf26ee05"
"243","Nelly","Hot In Herre",26,"Hot In Herre","Nelly","Nelly","nelly","nelly","hot in herre","hot in herre","hot in herre","hotinherre","13655113-cd16-4b43-9dca-cadbbf26ee05"
"244","Nelly","Pimp Juice",7,"Pimp Juice","Nelly","Nelly","nelly","nelly","pimp juice","pimp juice","pimp juice","pimpjuice","13655113-cd16-4b43-9dca-cadbbf26ee05"
"245","Nelly","Work It (Reinvention)",5,"Work It ","Nelly","Nelly","nelly","nelly","work it (reinvention)","work it ","work it ","workit","13655113-cd16-4b43-9dca-cadbbf26ee05"
"246","Nelly & Christina Aguilera","Tilt Ya Head Back",6,"Tilt Ya Head Back","Nelly","Aguilera","nelly & christina aguilera","nelly","tilt ya head back","tilt ya head back","tilt ya head back","tiltyaheadback","13655113-cd16-4b43-9dca-cadbbf26ee05"
"247","Nelly Featuring City Spud","Ride Wit Me",29,"Ride Wit Me","Nelly","Spud","nelly featuring city spud","nelly","ride wit me","ride wit me","ride wit me","ridewitme","13655113-cd16-4b43-9dca-cadbbf26ee05"
"248","Nelly Featuring Jaheim","My Place",20,"My Place","Nelly","Jaheim","nelly featuring jaheim","nelly","my place","my place","my place","myplace","13655113-cd16-4b43-9dca-cadbbf26ee05"
"249","Nelly Featuring Kelly Rowland","Dilemma",29,"Dilemma","Nelly","Rowland","nelly featuring kelly rowland","nelly","dilemma","dilemma","dilemma","dilemma","13655113-cd16-4b43-9dca-cadbbf26ee05"
"250","Nelly Featuring Kyjuan, Ali & Murphy Lee","Air Force Ones",20,"Air Force Ones","Nelly","Lee","nelly featuring kyjuan, ali & murphy lee","nelly","air force ones","air force ones","air force ones","airforceones","13655113-cd16-4b43-9dca-cadbbf26ee05"
"251","Nelly Featuring Tim McGraw","Over And Over",11,"Over And Over","Nelly","McGraw","nelly featuring tim mcgraw","nelly","over and over","over and over","over and over","overandover","13655113-cd16-4b43-9dca-cadbbf26ee05"
"252","Nelly, P. Diddy & Murphy Lee","Shake Ya Tailfeather",30,"Shake Ya Tailfeather","Nelly","Lee","nelly, p. diddy & murphy lee","nelly","shake ya tailfeather","shake ya tailfeather","shake ya tailfeather","shakeyatailfeather","13655113-cd16-4b43-9dca-cadbbf26ee05"
"253","Next","Too Close",7,"Too Close","Next","Next","next","next","too close","too close","too close","tooclose",NA
"254","Next","Wifey",21,"Wifey","Next","Next","next","next","wifey","wifey","wifey","wifey",NA
"255","Nitty","Nasty Girl",9,"Nasty Girl","Nitty","Nitty","nitty","nitty","nasty girl","nasty girl","nasty girl","nastygirl","ac8a45f8-5520-4463-9fda-f63f8844cb50"
"256","Nivea","Don't Mess With The Radio",3,"Don't Mess With The Radio","Nivea","Nivea","nivea","nivea","don't mess with the radio","don't mess with the radio","don t mess with the radio","dontmesswiththeradio",NA
"257","Nivea","Laundromat",9,"Laundromat","Nivea","Nivea","nivea","nivea","laundromat","laundromat","laundromat","laundromat",NA
"258","Nivea Featuring Brian & Brandon Casey","Don't Mess With My Man",36,"Don't Mess With My Man","Nivea","Casey","nivea featuring brian & brandon casey","nivea","don't mess with my man","don't mess with my man","don t mess with my man","dontmesswithmyman",NA
"259","Nivea Featuring Lil Jon & YoungBloodZ","Okay",1,"Okay","Nivea","YoungBloodZ","nivea featuring lil jon & youngbloodz","nivea","okay","okay","okay","okay",NA
"260","Olivia","Bizounce",14,"Bizounce","Olivia","Olivia","olivia","olivia","bizounce","bizounce","bizounce","bizounce","44353ce7-1d1b-43c8-868d-83213531f688"
"261","Orgy","Blue Monday",20,"Blue Monday","Orgy","Orgy","orgy","orgy","blue monday","blue monday","blue monday","bluemonday","77a0712a-a542-46ae-a519-ee4b08a5c040"
"262","Patti LaBelle","New Day",7,"New Day","Patti","LaBelle","patti labelle","patti labelle","new day","new day","new day","newday","875074d3-6458-47b4-b515-f7ecda93bd8d"
"263","Patti LaBelle Featuring Ron Isley","Gotta Go Solo",3,"Gotta Go Solo","Patti","Isley","patti labelle featuring ron isley","patti labelle","gotta go solo","gotta go solo","gotta go solo","gottagosolo","875074d3-6458-47b4-b515-f7ecda93bd8d"
"264","Paul McCartney","Freedom",2,"Freedom","Paul","McCartney","paul mccartney","paul mccartney","freedom","freedom","freedom","freedom","d922d727-240a-4432-9a88-05a7cf9bc403"
"265","Phil Collins","Can't Stop Loving You",20,"Can't Stop Loving You","Phil","Collins","phil collins","phil collins","can't stop loving you","can't stop loving you","can t stop loving you","cantstoplovingyou","8e3fcd7d-bda1-4ca0-b987-b8528d2ee74e"
"266","Phil Collins","You'll Be In My Heart",20,"You'll Be In My Heart","Phil","Collins","phil collins","phil collins","you'll be in my heart","you'll be in my heart","you ll be in my heart","youllbeinmyheart","8e3fcd7d-bda1-4ca0-b987-b8528d2ee74e"
"267","Pitbull Featuring Lil Jon","Culo",20,"Culo","Pitbull","Jon","pitbull featuring lil jon","pitbull","culo","culo","culo","culo","7946db98-f3b7-45f3-92cb-3a1a3b7a18c9"
"268","Puff Daddy Featuring Mario Winans & Hezekiah Walker & The Love Fe","Best Friend",5,"Best Friend","Puff","Fe","puff daddy featuring mario winans & hezekiah walker & the love fe","puff daddy","best friend","best friend","best friend","bestfriend","2072f699-049a-4b78-b039-317a1c7cff94"
"269","Puff Daddy Featuring R. Kelly","Satisfy You",20,"Satisfy You","Puff","Kelly","puff daddy featuring r. kelly","puff daddy","satisfy you","satisfy you","satisfy you","satisfyyou","2072f699-049a-4b78-b039-317a1c7cff94"
"270","R.L., Snoop Dogg & Lil' Kim","Do U Wanna Roll (Dolittle Theme)",16,"Do U Wanna Roll ","R","Kim","r.l., snoop dogg & lil' kim","r.l.","do u wanna roll (dolittle theme)","do u wanna roll ","do u wanna roll ","douwannaroll","25942799-f6cb-4f2d-9f6a-bcc7ff0f6be9"
"271","Redman Featuring DJ Kool","Let's Get Dirty (I Can't Get In Da Club)",2,"Let's Get Dirty ","Redman","Kool","redman featuring dj kool","redman","let's get dirty (i can't get in da club)","let's get dirty ","let s get dirty ","letsgetdirty","16a99fc7-e323-4d04-81ab-46b09a0cb4eb"
"272","Reina","No One's Gonna Change You",5,"No One's Gonna Change You","Reina","Reina","reina","reina","no one's gonna change you","no one's gonna change you","no one s gonna change you","noonesgonnachangeyou",NA
"273","Ricky Martin","Livin' La Vida Loca",20,"Livin' La Vida Loca","Ricky","Martin","ricky martin","ricky martin","livin' la vida loca","livin' la vida loca","livin  la vida loca","livinlavidaloca","98b370d6-29ab-49c5-b5fe-26ca1e45932c"
"274","Ricky Martin","Loaded",2,"Loaded","Ricky","Martin","ricky martin","ricky martin","loaded","loaded","loaded","loaded","98b370d6-29ab-49c5-b5fe-26ca1e45932c"
"275","Ricky Martin","Shake Your Bon-Bon",18,"Shake Your Bon-Bon","Ricky","Martin","ricky martin","ricky martin","shake your bon-bon","shake your bon-bon","shake your bon bon","shakeyourbonbon","98b370d6-29ab-49c5-b5fe-26ca1e45932c"
"276","Ricky Martin","She's All I Ever Had",20,"She's All I Ever Had","Ricky","Martin","ricky martin","ricky martin","she's all i ever had","she's all i ever had","she s all i ever had","shesallieverhad","98b370d6-29ab-49c5-b5fe-26ca1e45932c"
"277","Ricky Martin","She Bangs",18,"She Bangs","Ricky","Martin","ricky martin","ricky martin","she bangs","she bangs","she bangs","shebangs","98b370d6-29ab-49c5-b5fe-26ca1e45932c"
"278","Ricky Martin","Tal Vez",8,"Tal Vez","Ricky","Martin","ricky martin","ricky martin","tal vez","tal vez","tal vez","talvez","98b370d6-29ab-49c5-b5fe-26ca1e45932c"
"279","Ricky Martin","The Cup Of Life (The Official Song Of The World Cup, France '98)",18,"The Cup Of Life ","Ricky","Martin","ricky martin","ricky martin","the cup of life (the official song of the world cup, france '98)","the cup of life ","the cup of life ","thecupoflife","98b370d6-29ab-49c5-b5fe-26ca1e45932c"
"280","Ricky Martin Duet With Christina Aguilera","Nobody Wants To Be Lonely",20,"Nobody Wants To Be Lonely","Ricky","Aguilera","ricky martin duet with christina aguilera","ricky martin duet","nobody wants to be lonely","nobody wants to be lonely","nobody wants to be lonely","nobodywantstobelonely",NA
"281","Ricky Martin Featuring Meja","Private Emotion",5,"Private Emotion","Ricky","Meja","ricky martin featuring meja","ricky martin","private emotion","private emotion","private emotion","privateemotion","98b370d6-29ab-49c5-b5fe-26ca1e45932c"
"282","Sade","By Your Side",11,"By Your Side","Sade","Sade","sade","sade","by your side","by your side","by your side","byyourside","61d39911-0ca1-4264-9692-ddda6aae4c48"
"283","Saliva","Always",20,"Always","Saliva","Saliva","saliva","saliva","always","always","always","always","cee7be3f-33a4-46cc-93e5-4e099737f5bd"
"284","Saliva","Rest In Pieces",3,"Rest In Pieces","Saliva","Saliva","saliva","saliva","rest in pieces","rest in pieces","rest in pieces","restinpieces","cee7be3f-33a4-46cc-93e5-4e099737f5bd"
"285","Sammie","I Like It",20,"I Like It","Sammie","Sammie","sammie","sammie","i like it","i like it","i like it","ilikeit","c799589d-330d-4277-806c-8dca5a386a98"
"286","Santana Featuring Alex Band Or Chad Kroeger","Why Don't You & I",35,"Why Don't You & I","Santana","Kroeger","santana featuring alex band or chad kroeger","santana","why don't you & i","why don't you & i","why don t you   i","whydontyoui","f7fda030-0ba1-42e9-a385-3deebc939bc9"
"287","Santana Featuring Michelle Branch","The Game Of Love",37,"The Game Of Love","Santana","Branch","santana featuring michelle branch","santana","the game of love","the game of love","the game of love","thegameoflove","f7fda030-0ba1-42e9-a385-3deebc939bc9"
"288","Shaggy Feat. Ricardo ""RikRok"" Ducent","It Wasn't Me",25,"It Wasn't Me","Shaggy","Ducent","shaggy feat. ricardo ""rikrok"" ducent","shaggy","it wasn't me","it wasn't me","it wasn t me","itwasntme","e9ee733a-3c73-478e-829f-a69e1d980ae2"
"289","Shaggy Featuring Janet","Luv Me, Luv Me",15,"Luv Me, Luv Me","Shaggy","Janet","shaggy featuring janet","shaggy","luv me, luv me","luv me, luv me","luv me  luv me","luvmeluvme","e9ee733a-3c73-478e-829f-a69e1d980ae2"
"290","Shyne Featuring Barrington Levy","Bad Boyz",15,"Bad Boyz","Shyne","Levy","shyne featuring barrington levy","shyne","bad boyz","bad boyz","bad boyz","badboyz","ceaa17dc-5da5-412c-a75a-e02c2d99638f"
"291","Silk","If You (Lovin' Me)",20,"If You ","Silk","Silk","silk","silk","if you (lovin' me)","if you ","if you ","ifyou","9ac05f17-cc5b-4858-8de4-1a448cbe703f"
"292","Silk","Meeting In My Bedroom",13,"Meeting In My Bedroom","Silk","Silk","silk","silk","meeting in my bedroom","meeting in my bedroom","meeting in my bedroom","meetinginmybedroom","9ac05f17-cc5b-4858-8de4-1a448cbe703f"
"293","Slum Village Featuring Dwele","Tainted",11,"Tainted","Slum","Dwele","slum village featuring dwele","slum village","tainted","tainted","tainted","tainted","6d0e0e3d-9583-4838-ada6-90b78f8696d4"
"294","Slum Village Featuring Kanye West & John Legend","Selfish",17,"Selfish","Slum","Legend","slum village featuring kanye west & john legend","slum village","selfish","selfish","selfish","selfish","6d0e0e3d-9583-4838-ada6-90b78f8696d4"
"295","Sole Featuring JT Money & Kandi","4, 5, 6",16,"4, 5, 6","Sole","Kandi","sole featuring jt money & kandi","sole","4, 5, 6","4, 5, 6","4  5  6","456","ad29512a-d04c-43fe-b40e-71a46b995097"
"296","Soluna","For All Time",11,"For All Time","Soluna","Soluna","soluna","soluna","for all time","for all time","for all time","foralltime","810a0d6d-564c-425b-84b9-f906e37bd0b4"
"297","Sting Featuring Cheb Mami","Desert Rose",26,"Desert Rose","Sting","Mami","sting featuring cheb mami","sting","desert rose","desert rose","desert rose","desertrose","9e0e2b01-41db-4008-bd8b-988977d6019a"
"298","Sugar Ray","Every Morning",31,"Every Morning","Sugar","Ray","sugar ray","sugar ray","every morning","every morning","every morning","everymorning","ecc5119f-2ce2-4561-8c36-3aa4dd49e281"
"299","Sugar Ray","Falls Apart",20,"Falls Apart","Sugar","Ray","sugar ray","sugar ray","falls apart","falls apart","falls apart","fallsapart","ecc5119f-2ce2-4561-8c36-3aa4dd49e281"
"300","Sugar Ray","When It's Over",22,"When It's Over","Sugar","Ray","sugar ray","sugar ray","when it's over","when it's over","when it s over","whenitsover","ecc5119f-2ce2-4561-8c36-3aa4dd49e281"
"301","Sunday","I Know",2,"I Know","Sunday","Sunday","sunday","sunday","i know","i know","i know","iknow","857963d5-146c-41ed-b151-51eabd38c5b7"
"302","Switchfoot","Dare You To Move",13,"Dare You To Move","Switchfoot","Switchfoot","switchfoot","switchfoot","dare you to move","dare you to move","dare you to move","dareyoutomove","3bb29637-4184-490d-92f8-a9b45ffc5ebd"
"303","Switchfoot","Meant To Live",28,"Meant To Live","Switchfoot","Switchfoot","switchfoot","switchfoot","meant to live","meant to live","meant to live","meanttolive","3bb29637-4184-490d-92f8-a9b45ffc5ebd"
"304","System Of A Down","Aerials",20,"Aerials","System","Down","system of a down","system of a down","aerials","aerials","aerials","aerials","2b5929bc-ffbf-496b-a66f-90dae13cbfe7"
"305","System Of A Down","Chop Suey",20,"Chop Suey","System","Down","system of a down","system of a down","chop suey","chop suey","chop suey","chopsuey","2b5929bc-ffbf-496b-a66f-90dae13cbfe7"
"306","System Of A Down","Toxicity",13,"Toxicity","System","Down","system of a down","system of a down","toxicity","toxicity","toxicity","toxicity","2b5929bc-ffbf-496b-a66f-90dae13cbfe7"
"307","T.I.","24's",15,"24's","T","T.I.","t.i.","t.i.","24's","24's","24 s","24s","36412af7-feaf-4ad3-9ea8-78c6a8de6847"
"308","T.I.","Bring Em Out",5,"Bring Em Out","T","T.I.","t.i.","t.i.","bring em out","bring em out","bring em out","bringemout","36412af7-feaf-4ad3-9ea8-78c6a8de6847"
"309","T.I.","Let's Get Away",18,"Let's Get Away","T","T.I.","t.i.","t.i.","let's get away","let's get away","let s get away","letsgetaway","36412af7-feaf-4ad3-9ea8-78c6a8de6847"
"310","T.I.","Rubber Band Man",20,"Rubber Band Man","T","T.I.","t.i.","t.i.","rubber band man","rubber band man","rubber band man","rubberbandman","36412af7-feaf-4ad3-9ea8-78c6a8de6847"
"311","T.O.K.","Gal Yuh Ah Lead",9,"Gal Yuh Ah Lead","T","T.O.K.","t.o.k.","t.o.k.","gal yuh ah lead","gal yuh ah lead","gal yuh ah lead","galyuhahlead","88c97db7-5fd7-4837-b89f-3c5d95a0774e"
"312","T.W.D.Y. Featuring Too Short & Mac Mall","Players Holiday",16,"Players Holiday","T","Mall","t.w.d.y. featuring too short & mac mall","t.w.d.y.","players holiday","players holiday","players holiday","playersholiday","9512eed7-a1a9-4e2f-8cac-c10d1448c1ce"
"313","Tamia","Can't Go For That",5,"Can't Go For That","Tamia","Tamia","tamia","tamia","can't go for that","can't go for that","can t go for that","cantgoforthat","21dab5d7-3bda-4f72-a054-6379729dcb62"
"314","Tamia","Officially Missing You",18,"Officially Missing You","Tamia","Tamia","tamia","tamia","officially missing you","officially missing you","officially missing you","officiallymissingyou","21dab5d7-3bda-4f72-a054-6379729dcb62"
"315","Tamia","Stranger In My House",21,"Stranger In My House","Tamia","Tamia","tamia","tamia","stranger in my house","stranger in my house","stranger in my house","strangerinmyhouse","21dab5d7-3bda-4f72-a054-6379729dcb62"
"316","Tank","Maybe I Deserve",20,"Maybe I Deserve","Tank","Tank","tank","tank","maybe i deserve","maybe i deserve","maybe i deserve","maybeideserve","f0014113-cef7-44cb-9e29-a26050d9fcbf"
"317","Tanto Metro & Devonte","Everyone Falls In Love",16,"Everyone Falls In Love","Tanto","Devonte","tanto metro & devonte","tanto metro","everyone falls in love","everyone falls in love","everyone falls in love","everyonefallsinlove","12a03d31-89d3-4e5e-b227-3cab495b4e4f"
"318","The Killers","Somebody Told Me",17,"Somebody Told Me","The","Killers","the killers","the killers","somebody told me","somebody told me","somebody told me","somebodytoldme","4665e836-2c96-4569-9462-bfea34850b69"
"319","The Rolling Stones","Sympathy For The Devil (Remixes)",1,"Sympathy For The Devil ","The","Stones","the rolling stones","the rolling stones","sympathy for the devil (remixes)","sympathy for the devil ","sympathy for the devil ","sympathyforthedevil","a52940ca-3ec9-4a2b-89e4-ad358f64c8f7"
"320","Three The... G. Dep, P. Diddy & Black Rob","Let's Get It",9,"Let's Get It","Three","Rob","three the... g. dep, p. diddy & black rob","three the... g. dep","let's get it","let's get it","let s get it","letsgetit",NA
"321","Timbaland & Magoo Featuring Missy Elliott","Cop That Sh#!",2,"Cop That Sh#!","Timbaland","Elliott","timbaland & magoo featuring missy elliott","timbaland","cop that sh#!","cop that sh#!","cop that sh  ","copthatsh","c33c2065-b1c3-4406-b066-d33a9e2ea71a"
"322","Toby Keith Duet With Willie Nelson","Beer For My Horses",20,"Beer For My Horses","Toby","Nelson","toby keith duet with willie nelson","toby keith duet","beer for my horses","beer for my horses","beer for my horses","beerformyhorses",NA
"323","Tool","Schism",20,"Schism","Tool","Tool","tool","tool","schism","schism","schism","schism","bbfa1e12-8b61-4ed8-bc6e-52d2298f41a2"
"324","Total","Sitting Home",14,"Sitting Home","Total","Total","total","total","sitting home","sitting home","sitting home","sittinghome","475ae7a5-07de-46a8-a88d-4322259aafa9"
"325","Total Featuring Missy Elliott","Trippin'",12,"Trippin'","Total","Elliott","total featuring missy elliott","total","trippin'","trippin'","trippin ","trippin","475ae7a5-07de-46a8-a88d-4322259aafa9"
"326","Toya","I Do!!",39,"I Do!!","Toya","Toya","toya","toya","i do!!","i do!!","i do  ","ido","7a0a724b-6c98-4a7a-9991-2faf659d3f8b"
"327","Toya","No Matta What (Party All Night)",7,"No Matta What ","Toya","Toya","toya","toya","no matta what (party all night)","no matta what ","no matta what ","nomattawhat","7a0a724b-6c98-4a7a-9991-2faf659d3f8b"
"328","TQ","Westside",3,"Westside","TQ","TQ","tq","tq","westside","westside","westside","westside","360e7142-ca6e-45ea-b57c-a3ce963e8c91"
"329","Train","Calling All Angels",29,"Calling All Angels","Train","Train","train","train","calling all angels","calling all angels","calling all angels","callingallangels","1d0b2ed9-56a2-4792-a5a1-a47313fb24c4"
"330","Train","Drops Of Jupiter (Tell Me)",53,"Drops Of Jupiter ","Train","Train","train","train","drops of jupiter (tell me)","drops of jupiter ","drops of jupiter ","dropsofjupiter","1d0b2ed9-56a2-4792-a5a1-a47313fb24c4"
"331","Train","Meet Virginia",27,"Meet Virginia","Train","Train","train","train","meet virginia","meet virginia","meet virginia","meetvirginia","1d0b2ed9-56a2-4792-a5a1-a47313fb24c4"
"332","Train","When I Look To The Sky",14,"When I Look To The Sky","Train","Train","train","train","when i look to the sky","when i look to the sky","when i look to the sky","whenilooktothesky","1d0b2ed9-56a2-4792-a5a1-a47313fb24c4"
"333","Trick Pony","On A Night Like This",20,"On A Night Like This","Trick","Pony","trick pony","trick pony","on a night like this","on a night like this","on a night like this","onanightlikethis","cf6e6525-fbc2-4815-9e42-37fa3afd8385"
"334","Trick Pony","Pour Me",14,"Pour Me","Trick","Pony","trick pony","trick pony","pour me","pour me","pour me","pourme","cf6e6525-fbc2-4815-9e42-37fa3afd8385"
"335","Trina","Pull Over",4,"Pull Over","Trina","Trina","trina","trina","pull over","pull over","pull over","pullover","9743c4e5-fe76-4128-b5b4-5b19d6b95ad9"
"336","Trina & Tamara","What'd You Come Here For?",12,"What'd You Come Here For?","Trina","Tamara","trina & tamara","trina","what'd you come here for?","what'd you come here for?","what d you come here for ","whatdyoucomeherefor","9743c4e5-fe76-4128-b5b4-5b19d6b95ad9"
"337","Trina Featuring Ludacris","B R Right",14,"B R Right","Trina","Ludacris","trina featuring ludacris","trina","b r right","b r right","b r right","brright","9743c4e5-fe76-4128-b5b4-5b19d6b95ad9"
"338","Tweet","Call Me",19,"Call Me","Tweet","Tweet","tweet","tweet","call me","call me","call me","callme","199c48c5-d39d-4a86-afb2-f6c8628b135e"
"339","Tweet","Oops (Oh My)",20,"Oops ","Tweet","Tweet","tweet","tweet","oops (oh my)","oops ","oops ","oops","199c48c5-d39d-4a86-afb2-f6c8628b135e"
"340","Usher","Caught Up",3,"Caught Up","Usher","Usher","usher","usher","caught up","caught up","caught up","caughtup","bc97c42e-0a22-4820-ab28-860a0a5147db"
"341","Usher","Confessions Part II",25,"Confessions Part II","Usher","Usher","usher","usher","confessions part ii","confessions part ii","confessions part ii","confessionspartii","bc97c42e-0a22-4820-ab28-860a0a5147db"
"342","Usher","Pop Ya Collar",7,"Pop Ya Collar","Usher","Usher","usher","usher","pop ya collar","pop ya collar","pop ya collar","popyacollar","bc97c42e-0a22-4820-ab28-860a0a5147db"
"343","Usher","U Don't Have To Call",26,"U Don't Have To Call","Usher","Usher","usher","usher","u don't have to call","u don't have to call","u don t have to call","udonthavetocall","bc97c42e-0a22-4820-ab28-860a0a5147db"
"344","Usher","U Got It Bad",32,"U Got It Bad","Usher","Usher","usher","usher","u got it bad","u got it bad","u got it bad","ugotitbad","bc97c42e-0a22-4820-ab28-860a0a5147db"
"345","Usher","U Remind Me",24,"U Remind Me","Usher","Usher","usher","usher","u remind me","u remind me","u remind me","uremindme","bc97c42e-0a22-4820-ab28-860a0a5147db"
"346","Usher And Alicia Keys","My Boo",16,"My Boo","Usher","Keys","usher and alicia keys","usher and alicia keys","my boo","my boo","my boo","myboo",NA
"347","Usher Featuring Lil Jon & Ludacris","Yeah!",45,"Yeah!","Usher","Ludacris","usher featuring lil jon & ludacris","usher","yeah!","yeah!","yeah ","yeah","bc97c42e-0a22-4820-ab28-860a0a5147db"
"348","Violator Featuring Busta Rhymes","What It Is",14,"What It Is","Violator","Rhymes","violator featuring busta rhymes","violator","what it is","what it is","what it is","whatitis","36f8acfd-01bf-4c3c-bfda-8e50b4c76fce"
"349","Vitamin C","Graduation (Friends Forever)",12,"Graduation ","Vitamin","C","vitamin c","vitamin c","graduation (friends forever)","graduation ","graduation ","graduation",NA
"350","Vitamin C","The Itch",9,"The Itch","Vitamin","C","vitamin c","vitamin c","the itch","the itch","the itch","theitch",NA
"351","Vitamin C Featuring Lady Saw","Smile",14,"Smile","Vitamin","Saw","vitamin c featuring lady saw","vitamin c","smile","smile","smile","smile",NA
"352","WC Featuring Nate Dogg","The Streets",13,"The Streets","WC","Dogg","wc featuring nate dogg","wc","the streets","the streets","the streets","thestreets","8a6eb2df-311c-4306-9e6e-cacf564305d7"
"353","Wyclef Jean Featuring Claudette Ortiz","Two Wrongs",20,"Two Wrongs","Wyclef","Ortiz","wyclef jean featuring claudette ortiz","wyclef jean","two wrongs","two wrongs","two wrongs","twowrongs","ea321799-9b1d-4e74-a074-a5facf597d82"
"354","Wyclef Jean Featuring Mary J. Blige","911",19,"911","Wyclef","Blige","wyclef jean featuring mary j. blige","wyclef jean","911","911","911","911","ea321799-9b1d-4e74-a074-a5facf597d82"
"355","Wyclef Jean Featuring Missy Elliott","Party To Damascus",9,"Party To Damascus","Wyclef","Elliott","wyclef jean featuring missy elliott","wyclef jean","party to damascus","party to damascus","party to damascus","partytodamascus","ea321799-9b1d-4e74-a074-a5facf597d82"
"356","Yasmeen Featuring Ghostface Killah","Blue Jeans",4,"Blue Jeans","Yasmeen","Killah","yasmeen featuring ghostface killah","yasmeen","blue jeans","blue jeans","blue jeans","bluejeans","67b47219-58b2-4a22-893c-58b449f5219c"
