"","ISRC","spotify_ID"
"1","USSM17100690","4qTJpFrrii9JzaZIDLCl1U"
"2","USSM17100690","5LJiob1ITWkVEIG7FyNPrZ"
"3","USSM17100690","3Clh81PP0PGtzGgE59tNPi"
"4","USSM17100690","3n5HiFiHQx8nCOLlwYdJe1"
"5","USSM17100690","4wCdMKD2jbfKRwk3QKyPUd"
"6","USSM17100690","1P0JNKIoccHV2ubsRabFjD"
"7","USSM17100690","2fX61zkOZTolmDwof4J5ZS"
"8","USSM17100690","6FkjsuKYP3DzWOhHOIGlRw"
"9","USSM17100690","6ydbS6OQTSPPMbclBBHsaR"
"10","USSM17100690","3NDlVsa9QHL58ZJe5tBz3p"
"11","USSM17100690","06vzVAyXyBMK2OQ1xjChv7"
"12","USSM17100690","7CjmmU66KwfxjrWpWFtYFM"
"13","USSM17100690","28bK6YSdSRdnHtn370oteh"
"14","USSM17100690","5pS9qkL2CBKDurzwLvz9ix"
"15","USSM17100690","46BUhG1Aj1LVOGs48p0wKg"
"16","USSM17100690","1vohldL4EkCBTorTc8IIao"
"17","USSM17100690","0ym1YM2OBlTnilCPFTPANt"
"18","USSM17100690","1SoA33XNAg8Gz3LvkM0omm"
"19","USSM17100690","07fFkussyffUYaLcxuC5sc"
"20","USSM17100690","4YaLvfrmIv8RFYfJsLF4TV"
"21","USSM17100690","1D8uCAozUw1PCBfr7Aw6lv"
"22","USSM17100690","43BGSUnT6ziYkrJXQzSEaL"
"23","USSM17100690","0iZ9JV5UWiSq57JXvW8iwg"
"24","USSM17100690","3Ky5ccyYevty9rasKVmOvM"
"25","USSM17100690","2HVIkeN6RFE0nGiydxIP4I"
"26","USSM17100690","1uJzI9YSOxrtYVhEB57FhA"
"27","USSM17100690","6P6Jqcll0RzIabZ68ZMAIV"
"28","USSM17100690","1YVGmFUZO1neVfwT2pjrmk"
"29","USSM17100690","0FaR5QaioXSOw7Yz4JTMwB"
"30","USSM17100690","3qQKvfiGk1pHvMupYeVq4F"
"31","USSM17100690","23iYAk7mDKu1grvIFdKtCR"
"32","USSM17100690","2qDLmlTiBH7r4cmOUA2zMH"
"33","USSM17100690","1rQhEXwNdEpa0gXPxrcHoL"
"34","USSM17100690","2QE9xrU65Es1YwNtp1Sc9e"
"35","USSM17100690","266SNdiM0KGi2lM1alS4ym"
"36","USSM17100690","2YFvOUZtx5pQT41ZgbHZHW"
"37","USSM17100690","2J6QnTjHIWwXErNWyF0RUC"
"38","USSM17100690","48LTcFOd1tzZXT0IiZd1A8"
"39","USSM17100690","1cAKQr2IBCvIq7yb2oskMb"
"40","USSM17100690","2lF7DA1W1MADoo8W9Ruqr9"
"41","USSM17100690","7G3yWtt1fgw0U6SuITkS5X"
"42","USSM17100690","1OhqL9yY8DfQxx5mTpa2LK"
"43","USSM17100690","0xh4b5Ex1pLgTdUKkrmLTU"
"44","USSM17100690","2cPBuUhjYevuUw6RRQHtFj"
"45","USSM17100690","6EWX96xrTJf1OOfg9WeJEK"
"46","USSM17100690","3elP66qkaTnPpnLDTrVHik"
"47","USSM17100690","3cYgC50pVnjPKuh6b0xmZk"
"48","USSM17100690","4zNJc0q6w9XE8gXmbeFMls"
"49","USSM17100690","0ff9ixoxJnJgQ3o5rx3wZP"
"50","USSM17100690","11qMAvZS9jMymlJRJjovtI"
"51","USSM17100690","1RPhSs2lDYKjDsELKtPvQd"
"52","USSM17100690","6Uf1zgtofGNKPTGrlp8qwh"
"53","USSM17100690","5onnZ2kCLxkDrzzf3RRLfL"
"54","USSM17100690","162aLjXPTYh9MBACFrMXT0"
"55","USSM17100690","3J0lHyHIwHYV5ZFKarV0Ae"
"56","USSM17100690","1zTf35A3oX1wpJETu9QDOT"
"57","USSM17100690","79Y9Wzie29Z4p6B2oH5rrM"
"58","USSM17100690","1Aq4MrYcKRRFJvvDh2T3tw"
"59","USSM17100690","3sJIuAtweMA8dpAayT8Qnc"
"60","USSM17100690","40GCuDFRb4eDH3qCek2ofI"
"61","USSM17100690","3qNyJMvqm6HUT0wgCMOV38"
"62","USSM17100690","6igHmDEKA8WHFZ0Uh4piOe"
"63","USSM17100690","2j9X1pIun8xgKcqcIC90AA"
"64","USSM17100690","01o0FYaGyqzZ71E1g0qAgk"
"65","USSM17100690","29WMgCWYva0YuxHa8Aq79k"
"66","USSM17100690","6V6yZqBmbR5GJYdMgJZYLB"
"67","USSM17100690","7dPzw7DUocF7QPn79MImFb"
"68","USSM17100690","5XPqAialIXtHTc8ybyw0ZH"
"69","USSM17100690","4Y5S5ESPsYaeJV4CUfMFDQ"
"70","USSM17100690","3W75H8MxEZtKeyMzlic6Nc"
"71","USSM17100690","2f5N826udWfjT9iomeaBJt"
"72","USSM17100690","4U8w9neP9XyOmJlrU0Di1g"
"73","USSM17100690","7LKTHDH18Zy5wZVzQihZ7X"
"74","USSM17100690","4txYSM1NWMMTSuQQFrVSu4"
"75","USSM17100690","0Vz3vwmmZJAdw3bHR1nlvm"
"76","USSM17100690","2cACVGGiXPzEotNWXEB2yg"
"77","USSM17100690","7Al0ADUt8SCPiQIBbTcNdR"
"78","USSM17100690","17yvgAlYmX2VWiwPUmaw0M"
"79","USSM17100690","7IHVI2CQlJJdFS60KE5iIK"
"80","USSM17100690","3l2pObHGPzGmgRWDlAbUJN"
"81","USSM17100690","7Fm18iSwrrv6NU5lPoSlV4"
"82","USSM17100690","2GD5OWfT1wvae1TJ8j6OwU"
"83","USSM17100690","2uDYJm6x2aDDV7QP1pp9eE"
"84","USSM17100690","3NqzZ9c9mUiKrsEUHceN3c"
"85","USSM17100690","3EPbPZEmURloUzRMlCybOD"
"86","USSM17100690","23UvwN9yAowpwPLiCmQ3Qz"
"87","USSM17100690","0fyUp7jhkUQDyINT50CzdV"
"88","USSM17100690","5g1EeeeswfwBE3ZGY3YJhR"
"89","USSM17100690","5wlHqvWHUBAGDqoRqVILx8"
"90","USSM17100690","28O4QR1TELuXdcnVw9Q6Kt"
"91","USSM17100690","7qinPLZ41lgIGuT40EAFs0"
"92","USSM17100690","6NcyI4rN4tCETBWnABr9NK"
"93","USSM17100690","3LBik9Fp8tZiJLqerkFEJ1"
"94","USSM17100690","1xgB4RhONOFZFYHbtFXqEv"
"95","USSM17100690","5SwdAD2YojWUKz5ty2UhyJ"
"96","USSM17100690","0jXZCliAfXPEzGVhpQS2Jy"
"97","USSM17100690","0VBvfzawnoYVVXsHLF5jwK"
"98","USSM17100690","0yUR7ZNHAZTzq1gID9jRjH"
"99","USSM17100690","3O6dlfAlQwgfFbu4mxQvZ5"
"100","USSM17100690","1o4g4SZ1xkzZQWVJyALKi7"
"101","USMO10001026","7tL7RAiVeV75ErHkFmweaZ"
"102","USMO10001026","1YjF76CM7hccpVk21Aqr5s"
"103","USMO10001026","7x97HGHJQwvgDkYOLbpsVF"
"104","USMO10001026","2R5SFsSLeNRjEJoCJBpaqc"
"105","USMO10001026","0Qgu9ShqDFnNScoCkmavJR"
"106","USMO10001026","2I69iebe4CftqShXyRoIZh"
"107","USMO10001026","5h0B8rliaYq790jLtBdADS"
"108","USMO10001026","6e3uVirbc8Flly3CCRXrq6"
"109","USMO10001026","6KUjwoHktuX3du8laPVfO8"
"110","USMO10001026","320Xd4QG7FrVEmCSUHXHh2"
"111","USMO10001026","7hbS99uuSAjqwFwcYgUdEV"
"112","USMO10001026","1KPrR83JUNnkMHMzAhAmag"
"113","USMO10001026","4G4TkY1wfRLz0xqXIrLOZg"
"114","USMO10001026","2r28LZbs3SP1rG1bylyNCZ"
"115","USMO10001026","1KaVfSFHdYHXprycFYNohm"
"116","USMO10001026","6ohB3BC0bgPbb23wQqBvN6"
"117","USMO10001026","3NzhoXDykyKdVfhGmW8A8t"
"118","USMO10001026","5XeN8l0IAOkkHalwZ1nnSV"
"119","USMO10001026","4uKNwESFAWLPma8eqctN7f"
"120","USMO10001026","48asF1QGx46RBwwPfOOaCd"
"121","USMO10001026","0byfyDcU51tNYhSTHRymCN"
"122","USMO10001026","46E4di5YoT3Ab5bheoiEId"
"123","USMO10001026","5YV0ZyFTtx7obfSQzo607W"
"124","USMO10001026","5IOUNrN8E37eLGdLNRr9aC"
"125","USMO10001026","2oJQVU1vj5UjHu8FVf9RPX"
"126","USMO10001026","59IXYRypw3RVaWQY34DG3H"
"127","USMO10001026","2iO0520MMqgAZpuQVLVvqb"
"128","USMO10001026","6zBN3VXLG7kPBkYTRPf6Eb"
"129","USMO10001026","2RxzlzFg51M3KqM1PwRKfv"
"130","USMO10001026","7xOVBgNmiGSK6YAJu7hJEO"
"131","USMO10001026","7fn4GrUDf4d0dONA6YaFKI"
"132","USMO10001026","2TzUutzJiSXjac3RTr6tZp"
"133","USMO10001026","0mBam2u73oRVX5GiapG689"
"134","USMO10001026","3Ytea3b7VXXkVTN2mRpjvB"
"135","USMO10001026","7kUFkzmFsSIi02RTO7wAQF"
"136","USMO10001026","6z9N7aufWfMKF6JFb3yMEu"
"137","USMO10001026","6eMASdR1peGlkxKcPDxNgO"
"138","USMO10001026","7CDckEJk2eFaQkPS3JbKvz"
"139","USMO10001026","0l3ylcDHg6bqrTyqPG5hPK"
"140","USMO10001026","06ZHibZK3WieRFqQHoRp4L"
"141","USMO10001026","1FxZHmLiMu92rnxhnsxS0G"
"142","USMO10001026","1XunTmhOcj3xwh4b8P3isX"
"143","USMO10001026","1ndoKCvjMWFO2z2sKd2qQv"
"144","USMO10001026","4S3vdwsQn5aGhHcR3lvb6h"
"145","USMO10001026","0pvEerIks5Jj9Z40D2p1Te"
"146","USMO10001026","3JruhZYx0YjDiPTdMiLPAa"
"147","USMO10001026","3VleHl3Gh4z0TDkGM5UsUP"
"148","USMO10001026","74zCqI1errV9tRO6nrMfmH"
"149","USMO10001026","1kZ6doDqkbLAochMqklXCa"
"150","USMO10001026","5QNOf3pLEYq5cIXCibKZnA"
"151","USMO10001026","3WFyfc3lL0XI9CIKepE45D"
"152","USMO10001026","5HJczD5XgL9JOqxv7rQ9DA"
"153","USMO10001026","1HLqkLuJA4sOC2aSrqwBPi"
"154","USMO10001026","4iZgDdnRhLsBuEgVAShOLD"
"155","USMO10001026","1DViQw0p1vo0eAMRlUF4Lr"
"156","USMO10001026","1K0LXE8skNAfs7EQuyfuB3"
"157","USMO10001026","5E7r3dxZKMgjIFOfHTBfjN"
"158","USMO10001026","4VbTR1LIPYT4aPyVp2mAmV"
"159","USMO10001026","6xMPlR40PWQGiLuyU7ZOKn"
"160","USMO10001026","23x1l5fneuI3tfw52NftWH"
"161","USMO10001026","4XtIxR6kJm2cyw1mTEfQqp"
"162","USMO10001026","3ZpMmPJBRigBFdzOjbASbt"
"163","USMO10001026","0BdTZNyYnSIDmkqjxSB0ef"
"164","USMO10001026","1JQt5X7VSWsi5ZPx9cKsFe"
"165","USMO10001026","7jxDWUyMVlotOtvXyjxJQb"
"166","USMO10001026","6k90sqoNlaOYyyxpiUHWrT"
"167","USMO10001026","6wFzbfT5AHFH4Bth7mfpO0"
"168","USMO10001026","3VCFlPFApCJa9Z7ITERzqH"
"169","USMO10001026","7qxwbNHbANqGUzZ1JpcyNr"
"170","USMO10001026","4PSWRNTCsL7iLNQKgezApa"
"171","USMO10001026","3OIpVy4hMNWrZEjj2WgRP9"
"172","USMO10001026","2eRYuzlSOBk3HlMsCSOLPJ"
"173","USMO10001026","53M5hwP1HZFrJXBVmFR7E3"
"174","USMO10001026","48t3UGRN0fVrIPqt0aOlbB"
"175","USMO10001026","4kWq6k96DxJqzl44wztM6F"
"176","USMO10001026","3QfM4MDEKsi07YzqynN7EU"
"177","USMO10001026","4etSa9kdYO5e4BMUM8KBUX"
"178","USMO10001026","1jfgh0b0yhGnV7waUZWIIN"
"179","USMO10001026","5j9C4UvsB9E5do2R0juLHb"
"180","USMO10001026","3MODZam96oIyzopwC2RQrp"
"181","USMO10001026","3Y6kmmg3idJ95IbG6zBkqE"
"182","USMO10001026","0Kc7AfYyYrEToxVUmiWMDW"
"183","USMO10001026","3GREm6zSHwKZsJxl0hqbAQ"
"184","USMO10001026","1N0n2wMM1Od9H4R9NiQuUJ"
"185","USMO10001026","5r9LJQE2L4pto4j1FM8ZUi"
"186","USMO10001026","7uXGcyyVIFd5uwAJuESHuV"
"187","USMO10001026","4Q7UkPYq3NGTwhAMjfeE4a"
"188","USMO10001026","4dlW1JQaGYc7kPAyZmOJM8"
"189","USMO10001026","25vbig2HRPlkDIkjxx8zDn"
"190","USMO10001026","6qbYPZYJ7U4YwkUVagYqgv"
"191","USMO10001026","0sj9yu9kL8Nmj6CEQ0VZZR"
"192","USMO10001026","3BYKlVp3QPrUcfnZWyqO0K"
"193","USMO10001026","6gO2gBzKKxyR49ifmKlkvz"
"194","USMO10001026","7D1FXKTNz2gQDG5bqOPfZ4"
"195","USMO10001026","7yfelQUT7pUPWwsRSV8D1b"
"196","USMO10001026","75lyoqCZk942D3K7HHJtE0"
"197","USMO10001026","5OmCLim6Ibetb9tQOumiLn"
"198","USMO10001026","0Y2yfCj7jvS55VEvx1ytlw"
"199","USMO10001026","1ElPJiI7oJIcEI5k4RrtZL"
"200","USMO10001026","7LJz6DZS1tIRB06bbYbAPi"
"201","USIR29800091","3sSXIbi8KxID2jBuvtmDlO"
"202","USIR29800091","7gkuCYWtPHsntj5eiHqa8n"
"203","USIR29800091","5HybmSs6AV6FWaxv9UYxqe"
"204","USIR29800091","3Y4tjjebbyEJ1409eCBlJ9"
"205","USIR29800091","52PhoPFtbwZK2l4zO3fR25"
"206","USIR29800091","6MxJ3eiHQBZZileEIc6Q8w"
"207","USIR29800091","29O97dLTo4LnMCIkix6pWL"
"208","USIR29800091","3H0PmeGFYXJvmiJssiNnYT"
"209","USIR29800091","7bTwaUqpluLnd9xXmmObxw"
"210","USIR29800091","2iB7IKO80VAZoxnfuRXVK9"
"211","USIR29800091","3qCHUm73I3o5F1mDEfibzo"
"212","USIR29800091","5MVw0LX5TKuOoKWGPRF76t"
"213","USIR29800091","1uz7XNGIPwugpFvRqQ5XtQ"
"214","USIR29800091","5VxUE9kR8Q69d55x4Yf9DZ"
"215","USIR29800091","3hMYeXwP0uk7nQyXZtwalB"
"216","USIR29800091","3xeubznwKxQD0OFwLIVd7Y"
"217","USIR29800091","3GcRZ1Q9Q6NIeDNw3MVAWS"
"218","USIR29800091","0hPwMH9HF1zWi9OhrzgKwU"
"219","USIR29800091","4bmudF9rldfXEwZZBqp1tv"
"220","USIR29800091","0w6nR60VzGOIeh7zAoAOhf"
"221","USIR29800091","4whM0omyFESqP9ImzRGSG8"
"222","USIR29800091","2vUyTE6LO1h6vwwq54AJKz"
"223","USIR29800091","0JT92E0kZHbg3dv8fs9U1A"
"224","USIR29800091","7jcKO6K7ydJ4LB7EjInnSY"
"225","USIR29800091","1Lq7FyOGhERbyAyf0adljt"
"226","USIR29800091","3dSP5jhMdZrxl0IUHlGluy"
"227","USIR29800091","7wdkn30X4YSW6jZLWRjisO"
"228","USIR29800091","34at4hnqlvBbFvsSN66T0x"
"229","USIR29800091","7zHwNPjvrCQccKyiEVG2mJ"
"230","USIR29800091","54gd0uLX9CwLVpIxxrFNpr"
"231","USIR29800091","7a4TpfYyKDIASkVUaVTiU0"
"232","USIR29800091","2102IIuDs7yKEHVr0WXgud"
"233","USIR29800091","1rYdwXXSrUeKW8fTF6H85J"
"234","USIR29800091","3LbpmYD06fxsLV2shz3Rqk"
"235","USIR29800091","0j1pCFG3xQWRNxaGvzGbyp"
"236","USIR29800091","6hCUSkP31SrB0SPYvCflPn"
"237","USIR29800091","30lGa84OEfz5eIAcoRpj7k"
"238","USIR29800091","1fSKPEZ2FiyTuAIH6rSR30"
"239","USIR29800091","2zUeVaYOmCFTg7hcVhcHr0"
"240","USIR29800091","3ckI5qr1M5JFDj1KyB9z7j"
"241","USIR29800091","1x6WoHESGcYnToOxRna1Xq"
"242","USIR29800091","6iXQrhhgBisdfvS34EMTZ3"
"243","USIR29800091","6ucG7pQcYYcgO9d1bHzsmn"
"244","USIR29800091","1qHOe73On2RGVI5Zss7b3p"
"245","USIR29800091","5gZR2gQcVsQYPZpbOBwtmk"
"246","USIR29800091","1myHJbXfY7BxAv9xdtFiJw"
"247","USIR29800091","0goLunjUlJm2FCkty0OWG6"
"248","USIR29800091","02nH7HXbs3i9kdWef9or8E"
"249","USIR29800091","6T2QCAFNrCOuLOJmF8H1dU"
"250","USIR29800091","4CnhLhfsCtIwzBKvfJ2c1Z"
"251","USIR29800091","7jZUx6tZMNYNh1qGxCI9Mr"
"252","USIR29800091","5dtTD2LIqWk1GsB8y0zDur"
"253","USIR29800091","1InkEzGd1aoK5bB8xrDtvO"
"254","USIR29800091","4O7oKy8YADaBrbehcPl0kE"
"255","USIR29800091","4JDArRn6DNJgw63xpu7FoA"
"256","USIR29800091","2dk9YJ9TXE0pmgYWHr0weP"
"257","USIR29800091","01FOQYIOQkLRGWOxQ1b365"
"258","USIR29800091","6JJAuXFfyv2Wuf9XaSD1bg"
"259","USIR29800091","6x3IQ8s06bN63dMFLGZBDP"
"260","USIR29800091","1ibeKVCiXORhvUpMmtsQWq"
"261","USIR29800091","576sPsZUKCZYuiYqz2GtqQ"
"262","USIR29800091","7kgp94Ur9i8kjICRaeJXKe"
"263","USIR29800091","3qSuAZgvf3GHyiSJJCwhDw"
"264","USIR29800091","4m252lDFRfnnuhmguk41zD"
"265","USIR29800091","5FlBGGwGuqYmqr0qeBWrxe"
"266","USIR29800091","6WLxv3COJSy8PCQLzZpNQC"
"267","USIR29800091","3dYS1w4w3Lqol3icrp7hjX"
"268","USIR29800091","7wE0MkXKVhcBNBo3NcZHKy"
"269","USIR29800091","4rVv2uMSDh6C7tJv0C8KcC"
"270","USIR29800091","0zITULEFzksIY7OZbBENVo"
"271","USIR29800091","06feTT8v7mJSDTCsNTm2X4"
"272","USIR29800091","4JosyubgIpErAsvMKwph8n"
"273","USIR29800091","30sixQcUtHCZg3wvFLUDU8"
"274","USIR29800091","1WGkhxEi7YjU9Am9ij6AJa"
"275","USIR29800091","3xkp3t7mOJXTp0v8QS4uC2"
"276","USIR29800091","70pXSZIkXWo1GnH2BvaJeC"
"277","USIR29800091","0GW64voIgLypKtZnAnReGF"
"278","USIR29800091","27GebDmy4NnmuZFqmQrDuO"
"279","USIR29800091","6lxHFwzlgb6MOm6SQdy6ts"
"280","USIR29800091","0rCRxb07Pah4VvNB0jAWE8"
"281","USIR29800091","4qWizh4UB8BuSypZ3T1zAz"
"282","USIR29800091","5TMVNGCCHS01ub7oOLzyFW"
"283","USIR29800091","1EtQDVTjg7AZBVADbGcoWm"
"284","USIR29800091","7ni7TS5PmCEFU9ilu6gpZo"
"285","USIR29800091","2iQLjQNSyJxpkGDO7GKYjC"
"286","USIR29800091","7DvXY44q4ssEZyaUscSCcD"
"287","USIR29800091","0YYpiRYHqxXxs3CBPvUrNR"
"288","USIR29800091","0VhSbjd3HzN3WVtf3l2eXz"
"289","USIR29800091","7MMsiW4lohrR9vNCagqfSs"
"290","USIR29800091","1GFqG4R3PkSgj7DtZXIzap"
"291","USIR29800091","3iA4foXIFpekwHyma7pRs1"
"292","USIR29800091","4UIHITh22ZhIMNXHVuqnsi"
"293","USIR29800091","0AL16NghfA2ndXKkHICNGF"
"294","USIR29800091","6sEKAFPDXm4i8cKVgXILKD"
"295","USIR29800091","6RSwUrAdAWorxXUznCxOcU"
"296","USIR29800091","2dArbFlvVQ9igIgx7JLEuy"
"297","USIR29800091","66YHxyGAUGjMBDdrDlWIMD"
"298","USIR29800091","1msuiw6pnXYfxZ7Edyit9U"
"299","USIR29800091","3mHYjCQLAE0gzVmf4Wantw"
"300","USIR29800091","2teE7waFcWtFpSTKJKMYn4"
"301","GBAYE9900795","2rrQzyJVFMMkD3lsLdN4fO"
"302","GBAYE9900795","0cSm1jZJBQCBF4EWBifsSX"
"303","GBAYE9900795","0CXToaieNB8491m8gfyykg"
"304","GBAYE9900795","6KJWtTxerhIfhrKB9fsDCX"
"305","GBAYE9900795","5FgMmwwET9HwiLO1CNKxaa"
"306","GBAYE9900795","33Jts5kbWF2U54404A86To"
"307","GBAYE9900795","3DQ8ApiouUOkUbzCmyXwgW"
"308","GBAYE9900795","3kdGMnFYSKD7ALecbxadhg"
"309","GBAYE9900795","5KsemGWZEdWI0c88EzP0id"
"310","GBAYE9900795","7HmfPB7pCHCxBsC6R18vyV"
"311","GBAYE9900795","51T3xqyo06pNvrXPx1WeY8"
"312","GBAYE9900795","4dAXNLFXZIRAwTCHjQzgQi"
"313","GBAYE9900795","5GDTUjNwfVJJl9h9pMbU5Q"
"314","GBAYE9900795","05vaDRtGsIG7HX7neplO4z"
"315","GBAYE9900795","4IDTOyRmdtNt8cNxX9brjY"
"316","GBAYE9900795","3G44F5kHpGhs1rWwinQ0mb"
"317","GBAYE9900795","1QvbFyWtsRYjHvkEYlcFvi"
"318","GBAYE9900795","6FOpPA0a80RuBqqgDozvja"
"319","GBAYE9900795","1n5ZiOegLLnO4zDLd9eSrE"
"320","GBAYE9900795","0qHAqrgNPemjOygLgwXn46"
"321","GBAYE9900795","5HUnL7j7gPQC3eCwj7qNd4"
"322","GBAYE9900795","7G2hW0ZJjPufmOwQH3Pde1"
"323","GBAYE9900795","452fSzvkB2A8FHVI4JKK2S"
"324","GBAYE9900795","0Pmc1Tyspd0wSpRYabEOor"
"325","GBAYE9900795","7st6oVX82MZw6gedYPj17F"
"326","GBAYE9900795","5J7B0sL4NC3zL20eQ0qLJ5"
"327","GBAYE9900795","5k9UiRxAinDnRnYFTjK5MZ"
"328","GBAYE9900795","78nxaXQThyMHzVtspOH4eA"
"329","GBAYE9900795","7fffRtECtDOektHCqXqvoB"
"330","GBAYE9900795","5DMKaLGapiD2ukGscAzCVl"
"331","GBAYE9900795","5EZ5hUlMEiUEziYMGeTsRc"
"332","GBAYE9900795","06DUiFHmbHo6sSbDxQbMBx"
"333","GBAYE9900795","1aOgQKPx9PTnK5uiFc5zhe"
"334","GBAYE9900795","3OhupXwRrVBXSqz0gmDDQw"
"335","GBAYE9900795","5RpfIWINp8msL7C1IY4W6s"
"336","GBAYE9900795","4ulWPzHUYcsAu9vwL3fPyk"
"337","GBAYE9900795","6Ct2vx56ffqzplQiSTRdYc"
"338","GBAYE9900795","6Inq57v3xTl6U361EgpXJZ"
"339","GBAYE9900795","020kuI6xOb7i8PKKhUI8Gz"
"340","GBAYE9900795","5K0J1ndOPjf5Cdkh65QXnK"
"341","GBAYE9900795","2obApuOMIo2wYMHDfrbDxJ"
"342","GBAYE9900795","0bZJLx8yv4HorSZMiCKosC"
"343","GBAYE9900795","0KhiesN7gLBPEQhKsBmrI1"
"344","GBAYE9900795","50hFlYpAKyiEDUJnwiZsaT"
"345","GBAYE9900795","0yg8TFDguUXunqmkeCBzPr"
"346","GBAYE9900795","2JAFuSKp4hJNUUtvspk7Ua"
"347","GBAYE9900795","5xip26rkIkNCFKRpPc9aqd"
"348","GBAYE9900795","6JNpm2nxXI5BDeBGXd0GQN"
"349","GBAYE9900795","689IlNRS5aGJCYDRXWMZOJ"
"350","GBAYE9900795","4kzJo8Kq4igLXfVh2Go618"
"351","GBAYE9900795","60DJl9dXQChozmBE5A0hKm"
"352","GBAYE9900795","5o50KQA3b7HBAJ00IHLuIR"
"353","GBAYE9900795","4gbteQ8zq494eJ8vsYjzal"
"354","GBAYE9900795","5KNjqSkOJWQZCuHTst80yG"
"355","GBAYE9900795","4rMx3RgQUgpJ699hzMJKrP"
"356","GBAYE9900795","3f576AHUdwpPoj08OFgefY"
"357","GBAYE9900795","4mc46KJmPfvsq6j4ygJfbG"
"358","GBAYE9900795","4DGPON9kch3YXAzVsozF8R"
"359","GBAYE9900795","47TcnI9l5a7LRxJUFip5xC"
"360","GBAYE9900795","2KRkdTeADnoqt0rpYpXj6S"
"361","GBAYE9900795","2AjWL8pAyrpFS2SWFK7jAA"
"362","GBAYE9900795","3DzXiarAfzOyDp8xt1uwAQ"
"363","GBAYE9900795","1AYN8A1CUVx4YOWEk1ywZg"
"364","GBAYE9900795","2YOCpP28G308DPIZyq1mIo"
"365","GBAYE9900795","5DyQTV0AKcV2aOeFLx2w4u"
"366","GBAYE9900795","1I63q5aYjoyai9CI8QXDrn"
"367","GBAYE9900795","4qVHMvDbQPc03hUTWxv2wB"
"368","GBAYE9900795","2HvkwCYRuVXXFj9603Tz4L"
"369","GBAYE9900795","0s8OsDxW96cl290PcsI2mX"
"370","GBAYE9900795","7xbFt7DE4z9YDVzquMBoqw"
"371","GBAYE9900795","3R1LacYNDl7h4giTAEFk2e"
"372","GBAYE9900795","3IMpFoO4GJq8jzvCZO0sfX"
"373","GBAYE9900795","3UzO2XqkuoVtoD2diEbBZu"
"374","GBAYE9900795","4b9pSvIz68kJOxE7dBccRJ"
"375","GBAYE9900795","3gYdEuSW3WulxmjkJoCnXK"
"376","GBAYE9900795","1fzFDTT3H5s9nJVcq9tqpf"
"377","GBAYE9900795","4oBpfCQHOLyYmFzRB3t4Om"
"378","GBAYE9900795","1MZ6X6LSRdxqBlAls4JlGE"
"379","GBAYE9900795","5AqsTxDgXS9o3UoQhigPpY"
"380","GBAYE9900795","4wxF4OWEqwL1DlSWXAxZGg"
"381","GBAYE9900795","718404xVm5oiHsLCsvgIAi"
"382","GBAYE9900795","11UHx3STEZQ0yD8Ujoqb9u"
"383","GBAYE9900795","7KCvWxWVyc6TwdAan9MiIf"
"384","GBAYE9900795","0960y7BLnbb9SUVo33vKNW"
"385","GBAYE9900795","5wXrQgeZtaMoA7ZWgPDsPn"
"386","GBAYE9900795","3A8uelDqHoBlNdrf7e0QOF"
"387","GBAYE9900795","2efnH6UuuJuJrgFthzN14K"
"388","GBAYE9900795","482BgWflOT1zUzB2B6knRt"
"389","GBAYE9900795","0dHh4hdEi2kGgjaZVJWn8f"
"390","GBAYE9900795","47IxtQ2ckV4roLEsyHv5LT"
"391","GBAYE9900795","3m1naEMJuRk6KXubOfcBjJ"
"392","GBAYE9900795","5mC5BYYc2yoAm3vGvA5hml"
"393","GBAYE9900795","1YhiWWFrbdd3kAVhSYDhZ7"
"394","GBAYE9900795","3UhKbZx2oHWcYF3fUIxhhl"
"395","GBAYE9900795","5VXVLU8loHp8Unm9aNbaE1"
"396","GBAYE9900795","6vHxodRfTQfm0bA9zvYSk5"
"397","GBAYE9900795","6ere1o8vYGzfS9C4aPunRI"
"398","GBAYE9900795","4WOj7Vl38sVz9Zjjw8X8xk"
"399","GBAYE9900795","6ucQsfPOIP4zMRwsD0sazn"
"400","GBAYE9900795","2HqgIh7akce0zTfegSMs0g"
"401","USBAE0600940","5DDbLU52zJc3I8y2nBuCBb"
"402","USBAE0600940","7zJWPQ8tYlVLVSVBqhDKSZ"
"403","USBAE0600940","7d74mZnMuFgKUbNArZNDMg"
"404","USBAE0600940","0BDIVpYE3LVCAxxCMHOzLY"
"405","USBAE0600940","59re4emGgLkIchjvXS37hs"
"406","USBAE0600940","3HpT59OiYPLyL65iAG3LdX"
"407","USBAE0600940","5npM7WGCaXDS5xO6Z9hJVj"
"408","USBAE0600940","0CAj7Re6tu6LhHRU3DZZUh"
"409","USBAE0600940","3PBKcE5sDRSjvcYDjeWZFW"
"410","USBAE0600940","1VweLtgZSFOleHw1uxmpgd"
"411","USBAE0600940","5EP4cd9lIsdCpl8S3aWmxG"
"412","USBAE0600940","1nWgqCjrDrdcd0b1X638bs"
"413","USBAE0600940","3ixwlnypGlUQeeP5hoxQd2"
"414","USBAE0600940","6Fu2DQzXvx28qYEPrXDikG"
"415","USBAE0600940","4wywL4i6LnkFJ1tErOfFXR"
"416","USBAE0600940","2aMbd3cA4HPElvWbalKHXq"
"417","USBAE0600940","0vReD9B3eTffUuJ7Eh1z4I"
"418","USBAE0600940","5uDhmOoZGNHvGeefvTQsYp"
"419","USBAE0600940","0itdW3w2OOl2itVBjGJzXo"
"420","USBAE0600940","2seqsVYFO7vHMPWIrAYSSf"
"421","USBAE0600940","0hk5UKqvME6Zf5Og35N0Sk"
"422","USBAE0600940","5MTfBrStlgHVLfxzkHTRFy"
"423","USBAE0600940","29XMxxOysSOJjxT3Gcdydh"
"424","USBAE0600940","7gE9aCIF99qA0U3qd3hJ0o"
"425","USBAE0600940","2OIjY3gvvZUHp8CYC4Mrzv"
"426","USBAE0600940","5fdD4AD9DLLysJyGDiUErK"
"427","USBAE0600940","4jHZeEzAyqA3vFVABNpeHx"
"428","USBAE0600940","3PpbqtB8RDoAyvngAeuIgH"
"429","USBAE0600940","4eutZb21bHZerJnxqW5lB0"
"430","USBAE0600940","3pfScg8vpDbWFYTNtJosWd"
"431","USBAE0600940","15z6fv2XGRzuFqX7U1p65b"
"432","USBAE0600940","43WdNWCjQvpBgjG6xp6yVU"
"433","USBAE0600940","6IceIm5buO81z7osLbI7G2"
"434","USBAE0600940","6UyHDnHeofZ0BWZRHFfxp0"
"435","USBAE0600940","3af1DhIp5OeafUINi6b4BL"
"436","USBAE0600940","51lMgAwVFtK3kblg2nB6qb"
"437","USBAE0600940","5wqkbHzMyCSzylje4TtWwx"
"438","USBAE0600940","2J9eys1qJfPiUzRDwD6Hi6"
"439","USBAE0600940","0LSx4wrciz0D0Q2dYVUFV8"
"440","USBAE0600940","7jmEukeWKG64zyTFDrBSdk"
"441","USBAE0600940","69qwjK7oawlU8rrl4v9uac"
"442","USBAE0600940","4GNfTosoOdgE9Akq2AcDtd"
"443","USBAE0600940","1jEPMDtkDt43NQ2WKmr35Q"
"444","USBAE0600940","7dgMTwNDOnEEGrAbnGi9Qk"
"445","USBAE0600940","1b9Q015tzd0tYzlPumy3UG"
"446","USBAE0600940","7IS8Nlm8Hj2egD48tGghAd"
"447","USBAE0600940","4XOBBeGXtCjQJHKn8IpV6i"
"448","USBAE0600940","7614aFNultfuNyPLBbPPq2"
"449","USBAE0600940","4XcGTjRucN39FvHMgIznOU"
"450","USBAE0600940","5xYt5yG3KArTBr3rN9fwOr"
"451","USBAE0600940","7jRpy3uofZJIVQjGnhv9G9"
"452","USBAE0600940","11DjZQEZ69EXLo77HVj6yW"
"453","USBAE0600940","1Vu8p3k4rfbETQCjTGjmzg"
"454","USBAE0600940","3HKrwaQVa6RgqIfl6Nzj8v"
"455","USBAE0600940","2UKRLOav7QmGWPXbOIjGj5"
"456","USBAE0600940","6UDJvfqJRrfiai13Nqvjar"
"457","USBAE0600940","3Tbs9O6zy07BjjCU1omonJ"
"458","USBAE0600940","01Vj5meFigPDXplSUjjqyw"
"459","USBAE0600940","32IOI5jOM5dEvZpMTzxjtL"
"460","USBAE0600940","6qoIu7QQs9sB2siSfJHMcP"
"461","USBAE0600940","1pmkyJ7I9cAsIuhhyVWO3G"
"462","USBAE0600940","2vYwHpJdkBpdXzMjj9ShNi"
"463","USBAE0600940","3aV9N3Nk9Lh6BgCBVTlyJV"
"464","USBAE0600940","4hTmeVgUowYuqZFvDqtlf4"
"465","USBAE0600940","3huIKBh5uhwY6zzokYyt0f"
"466","USBAE0600940","0QR2PWA0jMnJ9OXDubhLXh"
"467","USBAE0600940","5s1JcCoc88HPLpfKKX3Hly"
"468","USBAE0600940","1TvNcWY7WwPLQINhimxycA"
"469","USBAE0600940","2m5ItG3IIMsaGYJjZOvUoE"
"470","USBAE0600940","0t5beFIavU7uuy5536IMcD"
"471","USBAE0600940","2CMOYBpta9CJ0IyMOAXglA"
"472","USBAE0600940","5DfvrqibQOQLUsN5QKqBJI"
"473","USBAE0600940","7gqdUrMvOnVP04DBJGQDXG"
"474","USBAE0600940","4VHG9AymyyJuy6KILHwCSp"
"475","USBAE0600940","6k9P9bb84TAtsnfOQz2OCj"
"476","USBAE0600940","6jdYwzXy5gKrX9stgWo4fg"
"477","USBAE0600940","36rqwPelmXjzZBacvrTFLu"
"478","USBAE0600940","4a28DJ3z6nLnbh7pLrEKbu"
"479","USBAE0600940","6m6A22TXUIxCCZrqcbcidx"
"480","USBAE0600940","6QdSHQkW0jqj3chj3usP9l"
"481","USBAE0600940","7mxkhAxY22HX0rVDjHhrsI"
"482","USBAE0600940","2PJJdtuRgkscVi5Yw8plXI"
"483","USBAE0600940","2EgG0ZHoJ0WmkcURBPvGJd"
"484","USBAE0600940","5N14o9gsZsVyNrLiMrj94Z"
"485","USBAE0600940","5h6D2ZVKRgwP7n4DpMJlTh"
"486","USBAE0600940","4dUDTOwEZDr26ZEHFGSmGj"
"487","USBAE0600940","7wW0wnftQtmclRcE2i4Sns"
"488","USBAE0600940","5FNyXilyaXjiVJUg6tFcxU"
"489","USBAE0600940","6V51RXYPLJ9bCwgZCHPpcr"
"490","USBAE0600940","7IyffzT1kfOLVjYq0WoYhQ"
"491","USBAE0600940","3bZGw3sNQ1rQoosJzr7G2e"
"492","USBAE0600940","4oKYwZud5u91p9RPtG2jzp"
"493","USBAE0600940","78qyQqGpycWNPtO0Uq6tdb"
"494","USBAE0600940","2Jzf3Vt4olD8UyZBN2qS5H"
"495","USBAE0600940","0cfQjRAzkDPcblxCEvlSGd"
"496","USBAE0600940","4Po2REBRmjcjUTwheHMbSi"
"497","USBAE0600940","4PJm8VN26IlXGHoVEqa58M"
"498","USBAE0600940","1oUcpCvpLemOfxtwtoMykL"
"499","USBAE0600940","2U5i6duqJbdoLn4AoZfPnN"
"500","USBAE0600940","1t3DzwcbFB8Y9KN7EOSBRH"
"501","USBS50310282","1Kp8CQdGV8NbqLa2oMXzvv"
"502","USBS50310282","2smTD9DZwzjfmTHypaDR1d"
"503","USBS50310282","38i5zDVbBEZNxnHGsto6kn"
"504","USBS50310282","2P7FEAVHwtVZ96oPr77kMp"
"505","USBS50310282","2MVDmcqvkHv9HNZlZE36ZH"
"506","USBS50310282","79by8iJWSqnCUjRLB4djxc"
"507","USBS50310282","1mzACIBEYkG71Pv5ETLCMj"
"508","USBS50310282","0jdJQ4KiCKXPSbOBlUndTv"
"509","USBS50310282","1ZclZBYbfU6dH8IAsj9v9e"
"510","USBS50310282","5FsbaivN0IoNSBKo3FG0kP"
"511","USBS50310282","1Nkz6kigdWRONBu6aRc2Fi"
"512","USBS50310282","1qwUlfaokq9vlWPApHT1d6"
"513","USBS50310282","0R1Aka9yPdasg8cfvv2IPC"
"514","USBS50310282","5TDZyWDfbQFQJabbPwImVY"
"515","USBS50310282","77IXWUGSZluK8ZP150IOwG"
"516","USBS50310282","0Wt6EY0EK0OEvrVJdi45Y1"
"517","USBS50310282","11qmuUlW5q5diLiVSOlsSF"
"518","USBS50310282","5tXrETFfbMA1q6tgP7aSwz"
"519","USBS50310282","5ElLKBKIMesxfClSzTP00D"
"520","USBS50310282","607eDozu8el8ToXjZ8uNN1"
"521","USBS50310282","2Cj2mLt4aPKH8ZyCo5i79P"
"522","USBS50310282","4m1Hnit20ZHJEfrQlfv2np"
"523","USBS50310282","4IOXswCGR4MIfVIv2JuXjX"
"524","USBS50310282","3NcJu9876GBJuNU6vJOrbb"
"525","USBS50310282","6o9wef2QadauIDDQLA5IGz"
"526","USBS50310282","6dy23IgPvA9UKwirjbLSBv"
"527","USBS50310282","5Zzx6jZHupZ1AJsEseJvMI"
"528","USBS50310282","4l37argApgn50oL7EMb4qH"
"529","USBS50310282","5nLE2xzNkPewNp0PpUSnVB"
"530","USBS50310282","2OhZ7z0LwACA5mi1t8vuxx"
"531","USBS50310282","35WjWVaGGmA6RU0kgyOxZ6"
"532","USBS50310282","5KNJ2qBD92lNfdcdcHmzEY"
"533","USBS50310282","2sVoh3FipbOHLRoikvBSdh"
"534","USBS50310282","4yrqHxAUBDU6Uwrcn3oVo9"
"535","USBS50310282","66bEUhwJR54iU75591qeRt"
"536","USBS50310282","0KfuNfBCVtzIWdoCmsZoJ8"
"537","USBS50310282","75An2pCwnAgwUwt3JnHqYc"
"538","USBS50310282","4O9SwZDDVCUrZAW9gnMWCh"
"539","USBS50310282","7fkjxOnlfspDLdJe4gYq8P"
"540","USBS50310282","5NS2A4JYWEINqBeUt3uMrm"
"541","USBS50310282","5ZdJFf2UjzXbB75fLMN8QR"
"542","USBS50310282","5iz29ibPm87Mw60l0Z51GJ"
"543","USBS50310282","7tyvqTqojfwpIaghLg875q"
"544","USBS50310282","0VU0Nh4hOpJ9InWzwXEoCT"
"545","USBS50310282","1TE4S9kqvml9o8JpPR8kBf"
"546","USBS50310282","1DHih8nn3iluSQJaibFS6f"
"547","USBS50310282","627cFibzt6llRl8tbSaP6R"
"548","USBS50310282","2e62rpQnEaVoQHWltXWDVV"
"549","USBS50310282","08WX2qTh1esxN2B6WPXs2R"
"550","USBS50310282","05mzctclS0ZqqTLEiDIGkt"
"551","USBS50310282","0igu44bJE8y6oZpRyDRB08"
"552","USBS50310282","5aivQ5CkXXHJoMLy0o92HL"
"553","USBS50310282","27hZ9T6CCSZCcirwEzCMVW"
"554","USBS50310282","3cb3ilVVVMSQ7D7EETAnmi"
"555","USBS50310282","78rqwvlajaIeGHsBZDalHu"
"556","USBS50310282","6i2q0CyFDYsa4dMYzMxFL9"
"557","USBS50310282","2mKHl6f0PWc7cDmbA9FITM"
"558","USBS50310282","0abAqK0d8yGCge0ZLviiaz"
"559","USBS50310282","3kiveNPudoIJnpGngFXJjw"
"560","USBS50310282","7HiCcbCUj5KmyM1vsfIUlO"
"561","USBS50310282","0qOkHfSClduvkvGk6fCu8l"
"562","USBS50310282","1p6QemmEQ6a8qorw6lWTK2"
"563","USBS50310282","3JdbV0e2kWNVELwgZ4GWqy"
"564","USBS50310282","34swq35skTUg0wNhdzEhuR"
"565","USBS50310282","1oduMfPWqaeV6oBkT5QhnK"
"566","USBS50310282","6JLkfVPZYvrc2FJRaFuzLn"
"567","USBS50310282","6smbL4VIvIlKK2RKULtGEb"
"568","USBS50310282","2i1xvAxSjBATmM0eTC3znH"
"569","USBS50310282","3k7ji5WECpl6cPNxGjqMDa"
"570","USBS50310282","2U4pAn7PCovxHsCl2MvJou"
"571","USBS50310282","6J1sxaRmlhqYMx9REYEyi0"
"572","USBS50310282","1gAaRSN57UYVRI4eWRyAvP"
"573","USBS50310282","6kPMLRMHRescGyIptdBi9w"
"574","USBS50310282","7puypZCFeyJANyN1kfMPP8"
"575","USBS50310282","7rRLVR3QZOGPkNckz4DSAc"
"576","USBS50310282","3ymzmcWmzNRXsy3CPFPDha"
"577","USBS50310282","3XqnFP02i6DCTnStUYRIdM"
"578","USBS50310282","7gZoL9Acu8eTo3ngmKbfm7"
"579","USBS50310282","12kwtC8jArWe7WDl30k9Fm"
"580","USBS50310282","1e9TbBJuD8zVOgA9rq41cr"
"581","USBS50310282","0ZRU3O6kVY8CgtYFYwjH4m"
"582","USBS50310282","4JIfgJkxaWu9I2gdNR3wi5"
"583","USBS50310282","3537ctBVaCefYh0r3DpNkC"
"584","USBS50310282","6PBLnKwQDdJ2ywba7pveIx"
"585","USBS50310282","1POSsuCfBi06cpQ6xsh2xH"
"586","USBS50310282","6otiaV2fagE3s8IvP6WkwG"
"587","USBS50310282","62Bo7OepRYgVhSp8lmE95U"
"588","USBS50310282","1EllHpog3ixgD76QnidrMC"
"589","USBS50310282","57DTiNUe6KF9H2Zh1Bloy6"
"590","USBS50310282","3FNOGabABzedvOb3B24M64"
"591","USBS50310282","6DWbShPlQrXX69FO4ptdSa"
"592","USBS50310282","4BRamgDPbtkD4Mw1WyTaYb"
"593","USBS50310282","3xsN1f5eK8kH9vopyGMmi5"
"594","USBS50310282","0K2OELwNYA4ap2aJi4YcZo"
"595","USBS50310282","0tygSAo46Mcyerko545AoA"
"596","USBS50310282","0Z2tPNsWY0pFyalLFxhYbv"
"597","USBS50310282","5ibTE8PM3qgdxOwf6Oja7p"
"598","USBS50310282","4PNT5AKGYmOGEUrtbRW3em"
"599","USBS50310282","1YizzPZvXGpHTJ7IzOWrLN"
"600","USBS50310282","3ao94eFGJKdAGjNcrGLyx5"
"601","GBAJE6500031","3r2A0MuSWCBrHyx4hyCO01"
"602","GBAJE6500031","6H0SL71MhyfV8zUEFtREYH"
"603","GBAJE6500031","3kDzjRjg2wCGiDXPzUQCR5"
"604","GBAJE6500031","6IRA4KOVbtiGiTdYoEThJN"
"605","GBAJE6500031","3mlJHJ0gLRtic1nKANpRGy"
"606","GBAJE6500031","0vPtwmb8zBvcmOkPA8EWDN"
"607","GBAJE6500031","1GMGnMOnYFumU8kNe7YaYQ"
"608","GBAJE6500031","4czFKp1KhHIlZtbNEKHGJf"
"609","GBAJE6500031","2a8DzBHDCWV2hLfEHjs6fc"
"610","GBAJE6500031","2kkK7UgysvEur0uch8jmjX"
"611","GBAJE6500031","79Sw1Fme2u0HNKHq9TDh7T"
"612","GBAJE6500031","5mYmMo18JymoYgNoM3EYB6"
"613","GBAJE6500031","0d1QUihji8kV6B3W0eLQyd"
"614","GBAJE6500031","6WOK3oN7RAZcmaKFVEosxb"
"615","GBAJE6500031","4ilhAiU52ZiHlfmQbmfhWq"
"616","GBAJE6500031","1qNNkhtGBAWWXSqev8fpNN"
"617","GBAJE6500031","28VcnL5NwlPm2m2Uc4o0OA"
"618","GBAJE6500031","3Bd4ZXi9ugJEsfQ5Jtz36I"
"619","GBAJE6500031","1icygp76kVbs429RikF0jJ"
"620","GBAJE6500031","26Aw0QpMFdxghsuyRsPwGA"
"621","GBAJE6500031","4vbRmFbSfXZDMOHNUtK4KI"
"622","GBAJE6500031","0k9Wwy6aIqfbuUmTMnrDut"
"623","GBAJE6500031","254rE47plB2U1W6pzDbLYg"
"624","GBAJE6500031","6hWzLp9Uj5N34OsxWWeHUa"
"625","GBAJE6500031","1yK54IoCLLYJEiXqnMm1i9"
"626","GBAJE6500031","6T6jcsxetZv7uSdikkxlXh"
"627","GBAJE6500031","4OYKArTHgc77eUyJQUV3NU"
"628","GBAJE6500031","0kWiRMDPaFMq2pQR7ds3y3"
"629","GBAJE6500031","78TUbKW92ks9VOnB623s9d"
"630","GBAJE6500031","7cMQPvEEDqKRHzyYkJR3QY"
"631","GBAJE6500031","2SsuX2aIn5sMHb971EJZ9f"
"632","GBAJE6500031","6ZEAXknmx2mrO3KgcDNpFI"
"633","GBAJE6500031","1PwUEEPRpFWEKDQBuUmXaR"
"634","GBAJE6500031","2hHjcylx9hlwfylrFmk6w1"
"635","GBAJE6500031","5owlqzop7WscxjowZs0yJF"
"636","GBAJE6500031","0mRwaJo6AGGO17UYnWv9Uk"
"637","GBAJE6500031","1bWfJGVzWWfSyk9fGAbyzC"
"638","GBAJE6500031","31AI3yOmN5LKxNQtMSpz1E"
"639","GBAJE6500031","3mv3V9Ed2tgb3voqeuUAYI"
"640","GBAJE6500031","0dGfpnQtf1yw0ktC7yFl8b"
"641","GBAJE6500031","0J1FK6Y45lzwmNBffjFPWR"
"642","GBAJE6500031","46Ut6hhhBS30hUvV3outYw"
"643","GBAJE6500031","0kxTB37OhoEqtHLkMFNMcr"
"644","GBAJE6500031","650M98AP1WgRo1jJ0snmoI"
"645","GBAJE6500031","2nVdLVh83n0HJjkOCZyuyP"
"646","GBAJE6500031","2OCr6iAGslZkjuk8VTpAbe"
"647","GBAJE6500031","0CiswloEaHL7MTZBtzlnVj"
"648","GBAJE6500031","4xqyeRkHLwHfHnKq1Hwvfh"
"649","GBAJE6500031","2urMIG2y7CsnH206CxykV0"
"650","GBAJE6500031","4Om43zRNP0qM5mqGOv45wx"
"651","GBAJE6500031","5XXNwf98jhyQ6ZgKnW2wFs"
"652","GBAJE6500031","56n7xjncKs9RInEHAmjtco"
"653","GBAJE6500031","4jCGjXvKRjPgRZLfx0tf00"
"654","GBAJE6500031","5bmoxC4K2qxvdsi9Td8yQU"
"655","GBAJE6500031","3l4nQQxJ4itzs0RUBMZW0l"
"656","GBAJE6500031","7CHIaiDYDZE2jcKG0LOvSV"
"657","GBAJE6500031","67RONZRnoxw1r76h1sg3w0"
"658","GBAJE6500031","6YvTdIwa0ziWuys1FKk6Uo"
"659","GBAJE6500031","4QXKEp572tKOJ8wqAjZDtx"
"660","GBAJE6500031","7KjFiDIh117Z2e9EMzZ4oy"
"661","GBAJE6500031","6dKs1XkrH45lZXPd7qv562"
"662","GBAJE6500031","5r2z0FHOoFI06GZEVGDjzM"
"663","GBAJE6500031","7AbvMqhMrELtS5OxbcMoae"
"664","GBAJE6500031","01pxMZFQCzW89CaIYTeid6"
"665","GBAJE6500031","2tkwB7xRS4TMq31Lxrw0zh"
"666","GBAJE6500031","4gXdMZkBN1neE9nX6yRALa"
"667","GBAJE6500031","7HLv5KBenYD2p5EUUm0ESd"
"668","GBAJE6500031","2FBCZTYjezJJMy8JBDSdLA"
"669","GBAJE6500031","6hzWNxjwhsYZh6qE7cYbhU"
"670","GBAJE6500031","1GLnM2xHIG9DdLGESEEA6n"
"671","GBAJE6500031","5jA27SGeRHnkp2t9dqr2UI"
"672","GBAJE6500031","2d0HlQFfqovCsMubr1pU3u"
"673","GBAJE6500031","04rI5MLSPLU7fIYx7Egk5G"
"674","GBAJE6500031","6mu9Fpf9RSNQUYmdcaloc4"
"675","GBAJE6500031","2Yq3tHP4hUu1A9IL5BPRaN"
"676","GBAJE6500031","6DxZJaQ0i1UWwubhJQAvSy"
"677","GBAJE6500031","7842b4KXUkK2L5oiONAEoZ"
"678","GBAJE6500031","6eSy6PqtCMSS1zNLCJJn4z"
"679","GBAJE6500031","2LWNOARDSeP7XA2ZNfVFeS"
"680","GBAJE6500031","2hl8MGoJ9BmGJJ9gLmyccz"
"681","GBAJE6500031","5kv098OiublAmLIjVCQ9Wg"
"682","GBAJE6500031","1opiEyIzCPUG6ZcusaO5r6"
"683","GBAJE6500031","3J8VYy4AukNEyQnaRnBMjZ"
"684","GBAJE6500031","3Asv1oDcVVKuOS3zeECRcp"
"685","GBAJE6500031","6jmMhrfctsPcpeBWbhGirC"
"686","GBAJE6500031","4CtupKU5MPlUP9uM84pfJn"
"687","GBAJE6500031","3DR4Y0dmiAYALYfO74LBSn"
"688","GBAJE6500031","5msn1Xe7xSbb7CBONE5fYZ"
"689","GBAJE6500031","3n69qfxKqqeH9oPgv6vm2O"
"690","GBAJE6500031","5hfdcoFKcrLSbhuD6u8lJu"
"691","GBAJE6500031","1FWIlcATRGvq2b7A4R0hXq"
"692","GBAJE6500031","5dPJZVSIYn708cebEhInvT"
"693","GBAJE6500031","1iZFiLd1FrVNp1PjC58bnf"
"694","GBAJE6500031","1VEnXg9WSFjkqhe9ma8LE0"
"695","GBAJE6500031","1lJGpOpbouFQyDtQuTOv8t"
"696","GBAJE6500031","5WmispHcDWM4tVJeaphKXB"
"697","GBAJE6500031","2f8v3B3C5N9Wvbp3IOqhGi"
"698","GBAJE6500031","6nWm36HS2LHQOyu1invfa5"
"699","GBAJE6500031","4MexO1G9TadTu0yWDB3T7Q"
"700","GBAJE6500031","3sOd0B3QxodEWgLhw9Up2m"
"701","NLA320581191","607LjwsiwA297ulSTYatnR"
"702","NLA320581191","4RgCJzg9bYR3uSkcZSzywB"
"703","NLA320581191","7r4VFMrnAWgRiahtibGgA1"
"704","NLA320581191","3BCc9IBNop02KhgZZxbt7Q"
"705","NLA320581191","145IdgzmeONmQKvOx9aTAw"
"706","NLA320581191","5B9hrw62aUYE5yRnnzMfMP"
"707","NLA320581191","5t09SnxOR2AelOghumKkXO"
"708","NLA320581191","0E3vXSl6udB5TO9zToMhcY"
"709","NLA320581191","4JmhMDxV7wbaGf5trP228T"
"710","NLA320581191","0o9qjjNWSn1nTq2VLx4GDz"
"711","NLA320581191","1vH07RxwPl0JW8abGnSDEG"
"712","NLA320581191","6zgCycfVETCfk2TNY7Othq"
"713","NLA320581191","16aDuAbFzKp2HihUZiSPID"
"714","NLA320581191","3EzaTcwWBqZFXWmA630oRl"
"715","NLA320581191","1C4b2NM9ViU7PbCIA2PLVT"
"716","NLA320581191","7JMgZlXvsm3RV6ZDq0DYvW"
"717","NLA320581191","0EfGafX4BCPROSPSvT0RVU"
"718","NLA320581191","2IRrmMVmjvWQjJGY8LNuk5"
"719","NLA320581191","3NMTUOJlNXZeYE0ZHqVaCS"
"720","NLA320581191","49loNTutwEWsaeiip3791g"
"721","NLA320581191","6iaIGP2wLOLrwQ06fKAfP5"
"722","NLA320581191","0G7QsPYzbLQvpyGv9LdEg8"
"723","NLA320581191","1KqIIrlCaL5CWOazUL6KKG"
"724","NLA320581191","6bcBAzDTeiRo4SZX6yAQgs"
"725","NLA320581191","7a8c39Lm9WIUBG20g7Zddb"
"726","NLA320581191","6llDwsYtkw1OOvgvy8DAS7"
"727","NLA320581191","1ui8xolqgxZ7xviHEDCeBz"
"728","NLA320581191","3TDbmiyFTL9njaQdgemgzu"
"729","NLA320581191","7a6ePvtFUoBnQ6su8NJiMB"
"730","NLA320581191","5lIYJccgAxhdLlKrSolGyz"
"731","NLA320581191","038hfM6c5sxoeFyXTHQsVD"
"732","NLA320581191","31PZeSOS3prg5vt0cEaCXW"
"733","NLA320581191","0Y3dGqZQ02MpfZLAz9tfkT"
"734","NLA320581191","28LyNuPqj1wE4xQQGAJOhy"
"735","NLA320581191","4IHEOKSPSnPzjKxBktZ4J7"
"736","NLA320581191","317Gan322TdqOkt20YcncE"
"737","NLA320581191","2i8CTpkGmiHS9S9rRHDQZE"
"738","NLA320581191","3zCdPv5bz2FYaJE9lAJ1E1"
"739","NLA320581191","0KFuXEdOp5QfIfxHR6TJSm"
"740","NLA320581191","6C8EpSWYf0uvOZEtR6ZKYM"
"741","NLA320581191","50JK22El2PTIzZBU2liLDI"
"742","NLA320581191","5Bh92AUt87SSZXj1hepD2L"
"743","NLA320581191","0L1S8G9IuCssiPQgr0uEBo"
"744","NLA320581191","11iQBzMEpZ4CHKYF4ZYk7E"
"745","NLA320581191","1eQNHLMYtDFuC58a5Z3bIN"
"746","NLA320581191","4AYAU5l3vp7lTQn9Wx6Mxa"
"747","NLA320581191","4uuaWqiXl75xlDmb2d7QIn"
"748","NLA320581191","3zpstNULmsqvONhp3O9nTC"
"749","NLA320581191","3HABX2EBi188Rn3Yd0OSIc"
"750","NLA320581191","128KzRJtXL7AkjyIY1hZnA"
"751","NLA320581191","6M33HiUHLC3R3gfXYNGMAy"
"752","NLA320581191","4dn58p6v1nrdpR5equsDLC"
"753","NLA320581191","5ji2gjrQ4myyPHm81gD3nm"
"754","NLA320581191","0WiEQyvAgO60xdbqTYeLRF"
"755","NLA320581191","67f7d1A8mnLQAp2oZRmZbt"
"756","NLA320581191","2gaALAQJNNtFkE2Tu2kzuS"
"757","NLA320581191","6ljVV9nmTuIogEP8RuEVk1"
"758","NLA320581191","2aKKTjiuEOCoVlz4q4eQpG"
"759","NLA320581191","2hZV8Lvpns4GXMwf9sxvzA"
"760","NLA320581191","6JVxl0hDM6MeTQXYfaLvYt"
"761","NLA320581191","4s4praRnpfw8Mf8JotSaVH"
"762","NLA320581191","6d4B82vt7pjdzumBmV6HiZ"
"763","NLA320581191","1ZAaZqoqNTEJzPa7ydDMHd"
"764","NLA320581191","1LkZI3UG6JtA4qoMqLFEeX"
"765","NLA320581191","3oHvs2QMCAsCc49IXW72gK"
"766","NLA320581191","01hKoZ00HASFx5vwHOsh0K"
"767","NLA320581191","1gYQL1L96Kno5kB5R0CeK8"
"768","NLA320581191","5W1MsqXryoDaDs3PmDLc48"
"769","NLA320581191","4Xni9JrKWzIurYrZOFZKQH"
"770","NLA320581191","11xCHLPvBrYsaM8krBeg4a"
"771","NLA320581191","5CWr8jNHwamLkP5KUi3Duv"
"772","NLA320581191","3CkopQ1dNbKfqQdVHBLv9e"
"773","NLA320581191","5UhWD2lwvZgko8uVEICN5r"
"774","NLA320581191","0i1sZjMJwmX7p1dpaYRuSC"
"775","NLA320581191","2A41JJmcG6IgK9jqRKk5pj"
"776","NLA320581191","6PqLroacFtPK59TkT43S9N"
"777","NLA320581191","7GhEPuOeChh3yiR8tliREH"
"778","NLA320581191","6agJQCy2kmInThIbQZzYqX"
"779","NLA320581191","71LPN8pxnKJv7dNkraYSgQ"
"780","NLA320581191","5FANF6p3ybsC37cq3ZTsaY"
"781","NLA320581191","5QVpMPfxKZIzy025YCnTmP"
"782","NLA320581191","43U1bCDTZAhhY1Y8mCkTG4"
"783","NLA320581191","7kvAetxudeinp8B1E5uvE7"
"784","NLA320581191","3nV0XMDOHWUdY4tvnN64Zv"
"785","NLA320581191","67Vv9F4fRB3m4O4j6KFh6Z"
"786","NLA320581191","3YlXej5RvgluAbhBs3YCtn"
"787","NLA320581191","2kMM5neKewhNCHlTXCk4Fp"
"788","NLA320581191","4zhqNuNTluaOsP0I6RS3L4"
"789","NLA320581191","7F1LVG24vhbESQOPgqWDVC"
"790","NLA320581191","5ZSn6nGqKpeSuRykSEG9m3"
"791","NLA320581191","1WYokrkFOb9TFVuTrmxTTt"
"792","NLA320581191","3SfcWbGt2HmE5YmhiAKR2T"
"793","NLA320581191","3efO2oVo5ANpk2PYkx7m3j"
"794","NLA320581191","6DfbBrWh1TYhS9MVEX5TuK"
"795","NLA320581191","1AL8ay5GNI6cWeOzZl8NoD"
"796","NLA320581191","07jKCfRXKWlyKRnVruxEzx"
"797","NLA320581191","1aAMGqrrTmZehtG92Cvplm"
"798","NLA320581191","7C2uPkVi6Ph65PB32DoWjm"
"799","NLA320581191","5ekXtOqlw8nM2R7xH1Xsio"
"800","NLA320581191","4NB7DMcdLhZwHIEsmHyXCk"
"801","USMTD0462304","5dd5jvcUTWU4oksugr6ogU"
"802","USMTD0462304","238X4qkN0C4RJyrV3eppnI"
"803","USMTD0462304","6EG0z5llZcMuO8Bnm8ahUT"
"804","USMTD0462304","4YlNHvZTBAgoS6m6lJU2tU"
"805","USMTD0462304","7m4OJ1m3g5xoOlJWL1ubdj"
"806","USMTD0462304","0Xi0D3xPsd8ZHl5f36p9i3"
"807","USMTD0462304","6W21LNLz9Sw7sUSNWMSHRu"
"808","USMTD0462304","75YP1Dz3jz2dMQTZDkF1gv"
"809","USMTD0462304","1kIvKz1NSBfyAssEY0nxt3"
"810","USMTD0462304","6Qnm9hMV3rutQNd9G5yAoH"
"811","USMTD0462304","2GYdBtYNNUp3joxDoYrPwx"
"812","USMTD0462304","72ZOK8lrc8kMCPy5BHz1Zq"
"813","USMTD0462304","4OF0dT9o0xm1E0O4QA4UOM"
"814","USMTD0462304","460gRGQCKIBKhJR1aTt2BG"
"815","USMTD0462304","1jzcnvvgOGl4FPSKsmwQ0H"
"816","USMTD0462304","5A8rNSVqQsFLhyJeu3kdaT"
"817","USMTD0462304","4XTD99paPu2Xf1Dsum2omh"
"818","USMTD0462304","2ZYJbxsfadGAn4YtmxrXuZ"
"819","USMTD0462304","2BnWdYNIWEwybCRqhfsloW"
"820","USMTD0462304","78tMjM8Fw6vpWW0esBpNzs"
"821","USMTD0462304","7h8OLAvz2fz6kDZGet369M"
"822","USMTD0462304","5LPTWuDuDvxOPYmdxOnEtk"
"823","USMTD0462304","68D7AzbmTAdANrw3hbf8ps"
"824","USMTD0462304","0I5Fgl7pT26M1qSIixlzR2"
"825","USMTD0462304","53OayBIWLmOJn5baR2xIIh"
"826","USMTD0462304","1dAntwDJsFnEPa6mxUYWpc"
"827","USMTD0462304","4qYHnP5AmKzXbJhciPV8si"
"828","USMTD0462304","5dQ01k4mZoBhUDycenONHX"
"829","USMTD0462304","3pAoqNNjskbuK0XNbxtRt7"
"830","USMTD0462304","41CHb7F7SXcmkj0h8wekeF"
"831","USMTD0462304","6sswNbxZPCuKgg9du0V4OS"
"832","USMTD0462304","0FRaTm2v2ylbAUDHBzTsfW"
"833","USMTD0462304","1rQEbXBY8MmWZ7OZeBtqis"
"834","USMTD0462304","15Mm2DiqKxMDLONXRsdy3U"
"835","USMTD0462304","7LrM28pPWCpJYmbnaxHBmu"
"836","USMTD0462304","3H26P1VgX76hzzTJAJQQnz"
"837","USMTD0462304","12VnHUXhfcrEV9cu0r7gyS"
"838","USMTD0462304","0J6iU4rjliO8TP6J1OUdQ4"
"839","USMTD0462304","5G9S6rmvFBQonF6x4oAfJD"
"840","USMTD0462304","5VzDHctPCKYfxOKtTzSIMM"
"841","USMTD0462304","63McCianBGH19Y1QD04xdC"
"842","USMTD0462304","1Av1JK0y7tONGuUQQfxyON"
"843","USMTD0462304","1ixm2zCINddmWMloci3dvh"
"844","USMTD0462304","0eOfonls3yMWFi7by26yAk"
"845","USMTD0462304","6QZfa4WbIOBpGKel35SBVd"
"846","USMTD0462304","6yy5ivsEcIraUkgzixfuGU"
"847","USMTD0462304","1Mz4rF2wjbZYeK0QCG3bXx"
"848","USMTD0462304","3akkNN6AHsgyptR3QYU3vN"
"849","USMTD0462304","5Dpqv2cZIbpgPIzyJlotvC"
"850","USMTD0462304","6QQxFtMSKigxHcAg2ob4io"
"851","USMTD0462304","0qCoTDwqMylgd4GsyHZR2d"
"852","USMTD0462304","6Rom6emCi5Nq1nnb6b9Lhi"
"853","USMTD0462304","0xQRR9GdQjHgr2Jc2MTnX5"
"854","USMTD0462304","2vcx6Dr7pxeBqJQ5eIVqhk"
"855","USMTD0462304","0MI2L3JzF8C3io4l51Jjfi"
"856","USMTD0462304","6eN20qYKGWJH7mj4wqZI5P"
"857","USMTD0462304","4l9rJRwlaMnPYD5DJtIIFo"
"858","USMTD0462304","5iJOpg6kOBAeaFWIEOaTLe"
"859","USMTD0462304","3by1VIPUbXseKgDEc7nlnI"
"860","USMTD0462304","72QfbbIAMPXlC1VRW1L00f"
"861","USMTD0462304","6mr9ksuZqO3oCS9pRkM3eq"
"862","USMTD0462304","2pbWkjtGtjkzBdZ95GFINm"
"863","USMTD0462304","1zOXcgLWVBYs9JXScpdxyn"
"864","USMTD0462304","5owNg0Lb8hGgBvQo5DWVGY"
"865","USMTD0462304","08kxDrVsGKCBTUW8yaYXaS"
"866","USMTD0462304","1T8Zfb2qGgqQ40Gz8XY53g"
"867","USMTD0462304","4ZtW3vPBExRMdimXujrZ1Q"
"868","USMTD0462304","5W86JTePzP9MBZLfBoGi6z"
"869","USMTD0462304","2K7iWbGcOaSIE77zWsTS7x"
"870","USMTD0462304","61wKzgtki3H1XedQ7WeJ78"
"871","USMTD0462304","5KqEPvurLuOoV64tNylPO6"
"872","USMTD0462304","1LEZuQ6sQ6uw2mVVtWQOhv"
"873","USMTD0462304","0mB5AC7px0OWAv19uRh4EH"
"874","USMTD0462304","6ioFp1LTwjjVOeDeEVo6dl"
"875","USMTD0462304","4P23Pn5zl9QCkyto32fAaR"
"876","USMTD0462304","4W4Bkr3uPQamFiHi78kXlD"
"877","USMTD0462304","2gc6sYlDZL1ujiMVGH2bHZ"
"878","USMTD0462304","1i8wgoiZM91AhapaDkVIbb"
"879","USMTD0462304","27AujK53ZP5VXFW13gsI39"
"880","USMTD0462304","6y8NZQHxPi3svyicMXjFCW"
"881","USMTD0462304","3kzAiMh04Ov0WIWHIhGbcB"
"882","USMTD0462304","5YG51nXppZr2Ir5B85SDBr"
"883","USMTD0462304","3C5KIBAY5sADnl7rXsB2za"
"884","USMTD0462304","3cvXBUOF2ymN3stH0UFuq6"
"885","USMTD0462304","41Noi7cSl3N6tYr40CiMnQ"
"886","USMTD0462304","5K2apq0hXtBBgHvdz6KMbC"
"887","USMTD0462304","4jE1k5eOtkXMqjeEGjdBF4"
"888","USMTD0462304","4nwPDskh0YJ9nnjpgEMA4T"
"889","USMTD0462304","2ftHoU551MJUEaSeNpQDXY"
"890","USMTD0462304","7xYIf30XmLPJdKNfqUZefa"
"891","USMTD0462304","19Pt0muSyAq3Of6deCI8Nj"
"892","USMTD0462304","0Gjq7axbGUh8ZbCeoLFTKK"
"893","USMTD0462304","2bEWUjvvSlq8DIgmdpCYTR"
"894","USMTD0462304","7oz9AWkSwvsRd624JwGzet"
"895","USMTD0462304","5X1gZAZWtNjZRP9bXQS5LV"
"896","USMTD0462304","2u2eK1CxHBe7w2PMlaXO0Z"
"897","USMTD0462304","7tubf9ctzCNrEyUniHqDCa"
"898","USMTD0462304","4DsHVBI02ToBBu4pn7lEzd"
"899","USMTD0462304","3yQjkc13JGEq6Ywago9l1F"
"900","USMTD0462304","6mxbKC9DD9VUQZTUq7nq3X"
"901","USUM70502070","1odSsdjoL5VxmCbg6UehJR"
"902","USUM70502070","5mkbMgErBwO6XGE4qbmf0P"
"903","USUM70502070","0SyEJMByChXrpQ0El3YRYt"
"904","USUM70502070","2i5CjjDjoFUd0AjsQadLdy"
"905","USUM70502070","1JAHFiBLbaseqI3ojt9Kcv"
"906","USUM70502070","2h1p8LJZajt9jLegRrgwzX"
"907","USUM70502070","5VprdnC0Or0qxrze5Z45dO"
"908","USUM70502070","6rmUiwqkVWWHYUnwL0Ycde"
"909","USUM70502070","59D5g3u3bp6wV0W9pSuRf1"
"910","USUM70502070","1kRBDF3c64BS6espbBnHxa"
"911","USUM70502070","42Xm7PD1mDL5xuDaEkVgSr"
"912","USUM70502070","1sce5VJvCOYYDAR9rp9KdG"
"913","USUM70502070","26puV8LdrCUvxqmxKJOywQ"
"914","USUM70502070","0TsQiJ09qk265f4dXkq6yu"
"915","USUM70502070","0utuAHykyuBSQpHLNLHQCs"
"916","USUM70502070","5sDTR5WnqbJ2MoqNnst51F"
"917","USUM70502070","6C3OBXodfWzDLAV1aXjiTv"
"918","USUM70502070","72cRizL8XAvma3zJYaEg33"
"919","USUM70502070","71SCMpp7hGMVuECYSLNgOH"
"920","USUM70502070","6DU9USVz7uUwqFl7mjgPrT"
"921","USUM70502070","0DWFBu2iLSpDRbngrvKOq6"
"922","USUM70502070","4Ulusu0UfOk3HM1ZjUcQXV"
"923","USUM70502070","2ZeNxnSmRitn9O2z2uHZmH"
"924","USUM70502070","6tkXBYmmOUXSb1pSLDR1X1"
"925","USUM70502070","55eI3nJGwj6arcOkJLJPuV"
"926","USUM70502070","3EV3OvegbQNJQGZhpT00gr"
"927","USUM70502070","1Rj7KxfZrm6KT5dBxbOvjN"
"928","USUM70502070","6QtoYmkA5Utn3vpZ3QhYEq"
"929","USUM70502070","5bMhG3QtTvdViaob7k217v"
"930","USUM70502070","4r2IPR6tLBgF1dl2FqcPfF"
"931","USUM70502070","2HYAOSChGcbnHrE1Q1feAc"
"932","USUM70502070","52iyhfd6jgU2wYB8QIYs6t"
"933","USUM70502070","23qL11ssBUDFXVW2SlBZfF"
"934","USUM70502070","7BkWM4XInRQJJI9HXjvPVB"
"935","USUM70502070","3K1Je1BS7sCSH0Mn2L6DJ2"
"936","USUM70502070","6YrQHMmsBACP4OOaiCRSDm"
"937","USUM70502070","2CcHIKpCxtFP3F1R9XkEd5"
"938","USUM70502070","07xsLd2bZgAHFBAbCkGI7w"
"939","USUM70502070","2QUuJRmwuXCBXRn11KmM0L"
"940","USUM70502070","4htrZyEmIqLUICPQsODdWH"
"941","USUM70502070","4EpsniOUIZwyCOtEcdoGir"
"942","USUM70502070","4WmgQrWKqPLmtt4FNuKunG"
"943","USUM70502070","0bxa8kZpLhhxg9ATooV3yQ"
"944","USUM70502070","3tT7w3IKKEwLQlPYTwqAgl"
"945","USUM70502070","7h1ORpjTON2WXzu4BVOJBL"
"946","USUM70502070","3MjoW9JOS4ap0FGovXDiKg"
"947","USUM70502070","6SSfxVN4fxZautlsAFcc9H"
"948","USUM70502070","7oUlpCU1xST5jyb8deuO8v"
"949","USUM70502070","4tuoIvjUxkPhsZUQlSsWGO"
"950","USUM70502070","0ES1gXPgiXwfNmhOZvvJll"
"951","USUM70502070","2Nybf1QJXFhu4iPNBPXB2z"
"952","USUM70502070","5Y2LDTOZZuB2x6t9bo1F7d"
"953","USUM70502070","39E5rL2DxKGOdNScaxJirA"
"954","USUM70502070","0cyLHMapWunDUtudz7VkSC"
"955","USUM70502070","4oXd0sPe20fS2Qq0xenKbB"
"956","USUM70502070","31W40NPQIJuj7YbnCqRDdu"
"957","USUM70502070","4OvtGy4hIxnxJo1PuBM9NU"
"958","USUM70502070","3Khzu4NvcfASI6n8jQebrO"
"959","USUM70502070","1fnumT9C8jOi9aWWPpWTbp"
"960","USUM70502070","0jAYzPbwSYdzrLqnCHiN76"
"961","USUM70502070","2nOYxyusxAfqjZCUSxfNZ4"
"962","USUM70502070","46P4cuXD4QeFTQp4n7DMVc"
"963","USUM70502070","5TYHzFAQp3IBeWqRIBIDjJ"
"964","USUM70502070","49G77FXnNICfnptWQuoEWJ"
"965","USUM70502070","7IyuwRPPNq6gYI1vzqKsrU"
"966","USUM70502070","6vDxkbjKahDhVeFXj0xc3I"
"967","USUM70502070","6oArolBBAiBMnld2VPF1OG"
"968","USUM70502070","5kFCKt7T3ObVmDZjMKcBSP"
"969","USUM70502070","4vo3nixakOtif1z6kFWSU6"
"970","USUM70502070","1V7tXJRx6qQQJ7YPueI2jA"
"971","USUM70502070","5MFHUdBiJCxk8uXuKQrnfn"
"972","USUM70502070","6v7GNP7Ij3C9HpK8c9QYQk"
"973","USUM70502070","2dphUV6XT8qCIFrqX99yEV"
"974","USUM70502070","4B0A1qgWbWlT7j2Pj5kkGJ"
"975","USUM70502070","0qAhlvhDhSV4f7lv0Ktygk"
"976","USUM70502070","7oU0RSFbwVVHpixH1qkKiN"
"977","USUM70502070","60azClfWAaDpcZpMjhmNtE"
"978","USUM70502070","1cnCiS2sPamfjBZNoYQlC3"
"979","USUM70502070","0FHEvUPcrrfSrQfK0djuA3"
"980","USUM70502070","6W1fIhsegeaz3Ve68h0ape"
"981","USUM70502070","32VhmeKzp5L4DzzNRu8Ux3"
"982","USUM70502070","3uvEsp3LWHowImpBbZnAtS"
"983","USUM70502070","0B5tjoXHUwftMvd5cqTyrl"
"984","USUM70502070","6Zozx7mXLwwQouSEgrcTgx"
"985","USUM70502070","4Z0HJdZ1nmI2UMeOjiQjtB"
"986","USUM70502070","7CQsYUqjJPlx4iUEqAJOHK"
"987","USUM70502070","7EQs1EgXvl6qtSfv1ouu65"
"988","USUM70502070","4zRZfRxsvUIOETGCvkkboc"
"989","USUM70502070","77TqB6vzLxlmnWVbFhHYFq"
"990","USUM70502070","25PYiV7bM4Qpljx0z58YRV"
"991","USUM70502070","5lFxoEkFDcje89YPa8mmYC"
"992","USUM70502070","0tve2I9fCoDQimCUVVYrG4"
"993","USUM70502070","1GkVc70dOVg9Ihon17Wm4A"
"994","USUM70502070","57tg7rQTCYKH7fmgOvpp9d"
"995","USUM70502070","41PWz0hAiU9FqsmjR9Wh62"
"996","USUM70502070","2Fn6HnLimczq2FMVprfA18"
"997","USUM70502070","4ykTlG7MQmYnxktqsmumXb"
"998","USUM70502070","6mPk79CXsMEwpcIdL4QxL6"
"999","USUM70502070","0bk3l3mnX1vnRo5mnBY1qH"
"1000","USUM70502070","4PvVHAkONOaS6v4wgONGYZ"
