Unnamed: 0,ISRC,spotify_ID,artist,song_title
1,USSM17100690,4qTJpFrrii9JzaZIDLCl1U,Spacer,Houston
2,USSM17100690,5LJiob1ITWkVEIG7FyNPrZ,Batidos,Óya
3,USSM17100690,3Clh81PP0PGtzGgE59tNPi,Warren Zevon,Hostage-O
4,USSM17100690,3n5HiFiHQx8nCOLlwYdJe1,Crowbar,Odd Fellows Rest
5,USSM17100690,4wCdMKD2jbfKRwk3QKyPUd,George Benson,Full Compass
6,USSM17100690,1P0JNKIoccHV2ubsRabFjD,Oneida,Dead Worlds
7,USSM17100690,2fX61zkOZTolmDwof4J5ZS,Paul Simon,Have a Good Time
8,USSM17100690,6FkjsuKYP3DzWOhHOIGlRw,Wolfgang Amadeus Mozart,"String Quintet in C Minor, K.406 (After K.388): 2. Andante"
9,USSM17100690,6ydbS6OQTSPPMbclBBHsaR,Billie Holiday,Long Gone Blues
10,USSM17100690,3NDlVsa9QHL58ZJe5tBz3p,Matt Suggs,Calm Down
11,USSM17100690,06vzVAyXyBMK2OQ1xjChv7,Juanes,La Paga - Radio Version
12,USSM17100690,7CjmmU66KwfxjrWpWFtYFM,Ella Fitzgerald,Just Another Rhumba
13,USSM17100690,28bK6YSdSRdnHtn370oteh,Goat,I Will Fly
14,USSM17100690,5pS9qkL2CBKDurzwLvz9ix,Robert Shaw,Robert Shaw Discusses Dvořák's Stabat Mater with Martin Goldsmith of National Public Radio
15,USSM17100690,46BUhG1Aj1LVOGs48p0wKg,They Might Be Giants,Put Your Hand Inside the Puppet Head
16,USSM17100690,1vohldL4EkCBTorTc8IIao,Stereo Total,Holiday Inn
17,USSM17100690,0ym1YM2OBlTnilCPFTPANt,Armen Donelian,Blues Montage
18,USSM17100690,1SoA33XNAg8Gz3LvkM0omm,Jackson Browne,Casino Nation
19,USSM17100690,07fFkussyffUYaLcxuC5sc,IIIrd Tyme Out,"Lovin' You, Goin' Blind"
20,USSM17100690,4YaLvfrmIv8RFYfJsLF4TV,Novembers Doom,The Jealous Sun
21,USSM17100690,1D8uCAozUw1PCBfr7Aw6lv,Devin Townsend,Material
22,USSM17100690,43BGSUnT6ziYkrJXQzSEaL,Starsailor,Shark Food
23,USSM17100690,0iZ9JV5UWiSq57JXvW8iwg,The Mamas & The Papas,The Right Somebody To Love
24,USSM17100690,3Ky5ccyYevty9rasKVmOvM,Halfway Home,End Over
25,USSM17100690,2HVIkeN6RFE0nGiydxIP4I,Black Rebel Motorcycle Club,Restless Sinner
26,USSM17100690,1uJzI9YSOxrtYVhEB57FhA,Alban Berg,Sieben frühe Lieder: 7. Sommertage
27,USSM17100690,6P6Jqcll0RzIabZ68ZMAIV,Pickin' On Series,Numb
28,USSM17100690,1YVGmFUZO1neVfwT2pjrmk,Björk,I've Seen It All
29,USSM17100690,0FaR5QaioXSOw7Yz4JTMwB,Herbie Hancock,Don't Explain
30,USSM17100690,3qQKvfiGk1pHvMupYeVq4F,The Future Sound Of London,1 In 8
31,USSM17100690,23iYAk7mDKu1grvIFdKtCR,Phyllis Hyman,I Can't Live Without You
32,USSM17100690,2qDLmlTiBH7r4cmOUA2zMH,My Favorite,17 Berlin
33,USSM17100690,1rQhEXwNdEpa0gXPxrcHoL,The Mattoid,Eagle Hi
34,USSM17100690,2QE9xrU65Es1YwNtp1Sc9e,Laura Nyro,Stoned Soul Picnic
35,USSM17100690,266SNdiM0KGi2lM1alS4ym,Metallica,Stone Dead Forever
36,USSM17100690,2YFvOUZtx5pQT41ZgbHZHW,Dale North,Emotional (Skies of Arcadia)
37,USSM17100690,2J6QnTjHIWwXErNWyF0RUC,Run–D.M.C.,It's Like That
38,USSM17100690,48LTcFOd1tzZXT0IiZd1A8,Mystre,Missing The Beat
39,USSM17100690,1cAKQr2IBCvIq7yb2oskMb,Jaci Velasquez,I'm Not Looking Down
40,USSM17100690,2lF7DA1W1MADoo8W9Ruqr9,Tom Vek,C-C (You Set The Fire In Me)
41,USSM17100690,7G3yWtt1fgw0U6SuITkS5X,Stephanie Mills,If I Were Your Woman
42,USSM17100690,1OhqL9yY8DfQxx5mTpa2LK,Hatebreed,A Call For Blood
43,USSM17100690,0xh4b5Ex1pLgTdUKkrmLTU,Indigo Girls,The Girl With The Weight Of The World In Her Hands
44,USSM17100690,2cPBuUhjYevuUw6RRQHtFj,Shuntaro Okino,Head in the Clouds
45,USSM17100690,6EWX96xrTJf1OOfg9WeJEK,Jag Panzer,Spectres of the Past
46,USSM17100690,3elP66qkaTnPpnLDTrVHik,Kurtis Blow,Christmas Rappin'
47,USSM17100690,3cYgC50pVnjPKuh6b0xmZk,Coldplay,Clocks - Live in Sydney
48,USSM17100690,4zNJc0q6w9XE8gXmbeFMls,Snoop Dogg,Ballin'
49,USSM17100690,0ff9ixoxJnJgQ3o5rx3wZP,Sister Rosetta Tharpe,Rock Me
50,USSM17100690,11qMAvZS9jMymlJRJjovtI,José Alfredo Jimenez,Cuando el Destino
51,USSM17100690,1RPhSs2lDYKjDsELKtPvQd,Xzibit,Get Your Walk On
52,USSM17100690,6Uf1zgtofGNKPTGrlp8qwh,Insane Clown Posse,I Stab People
53,USSM17100690,5onnZ2kCLxkDrzzf3RRLfL,London Symphony Orchestra,"Tchaikovsky: The Nutcracker, Op. 71, TH.14 / Act 2 - No. 11 Clara and Prince Charming"
54,USSM17100690,162aLjXPTYh9MBACFrMXT0,The Willowz,We Can Die Now
55,USSM17100690,3J0lHyHIwHYV5ZFKarV0Ae,Gipsy Kings,Legende
56,USSM17100690,1zTf35A3oX1wpJETu9QDOT,Martha Wainwright,Who Was I Kidding?
57,USSM17100690,79Y9Wzie29Z4p6B2oH5rrM,Anne Murray,Rudolph The Red Nosed Raindeer/Frosty The Snowman - Medley
58,USSM17100690,1Aq4MrYcKRRFJvvDh2T3tw,12 Stones,In Closing
59,USSM17100690,3sJIuAtweMA8dpAayT8Qnc,Billy Joe Royal,Down in the Boondocks
60,USSM17100690,40GCuDFRb4eDH3qCek2ofI,Johann Sebastian Bach,"Magnificat In D Major, BWV 243: 10. Suscepit Israel"
61,USSM17100690,3qNyJMvqm6HUT0wgCMOV38,Diana Ross,Take Me Higher
62,USSM17100690,6igHmDEKA8WHFZ0Uh4piOe,The Aquabats!,Sequence Erase
63,USSM17100690,2j9X1pIun8xgKcqcIC90AA,Erik Truffaz,Sweet Mercy - Bugge Wesseltoft Remix
64,USSM17100690,01o0FYaGyqzZ71E1g0qAgk,The Cure,Do the Hansa
65,USSM17100690,29WMgCWYva0YuxHa8Aq79k,Lord Have Mercy,Holy Water
66,USSM17100690,6V6yZqBmbR5GJYdMgJZYLB,Dominic Miller,Altea
67,USSM17100690,7dPzw7DUocF7QPn79MImFb,Lionel Richie,Tender Heart
68,USSM17100690,5XPqAialIXtHTc8ybyw0ZH,Los Fabulosos Cadillacs,"Necesito Una Nariz De Payaso, ¿No Me Prestas La Tuya...?"
69,USSM17100690,4Y5S5ESPsYaeJV4CUfMFDQ,Mexiclan,Mi Papa Lloraba
70,USSM17100690,3W75H8MxEZtKeyMzlic6Nc,Number One Gun,Of Two Bearded Men
71,USSM17100690,2f5N826udWfjT9iomeaBJt,Matchbox Twenty,If You're Gone
72,USSM17100690,4U8w9neP9XyOmJlrU0Di1g,The Monkees,Goin' Down
73,USSM17100690,7LKTHDH18Zy5wZVzQihZ7X,LeAnn Rimes,The Safest Place
74,USSM17100690,4txYSM1NWMMTSuQQFrVSu4,Aesop Rock,Basic Cable
75,USSM17100690,0Vz3vwmmZJAdw3bHR1nlvm,Armin van Buuren,Astronauts
76,USSM17100690,2cACVGGiXPzEotNWXEB2yg,Love,Live and Let Live
77,USSM17100690,7Al0ADUt8SCPiQIBbTcNdR,Pearl Jam,Spin the Black Circle - Remastered
78,USSM17100690,17yvgAlYmX2VWiwPUmaw0M,Cecil Armstrong Gibbs,"Miniature Dance Suite, Op. 124: March"
79,USSM17100690,7IHVI2CQlJJdFS60KE5iIK,The Verve,History - 2004 Digital Remaster
80,USSM17100690,3l2pObHGPzGmgRWDlAbUJN,Ramsey Lewis Trio,"The ""In"" Crowd - Live At The Bohemian Caverns, Washington, D.C., 1965"
81,USSM17100690,7Fm18iSwrrv6NU5lPoSlV4,Rick James,"Give It To Me Baby - 1981/Live In Long Beach, CA"
82,USSM17100690,2GD5OWfT1wvae1TJ8j6OwU,TOTO,Don't Chain My Heart
83,USSM17100690,2uDYJm6x2aDDV7QP1pp9eE,TNV,Televisual
84,USSM17100690,3NqzZ9c9mUiKrsEUHceN3c,Bent,Swollen
85,USSM17100690,3EPbPZEmURloUzRMlCybOD,Various Artists,[Untitled Hidden Track]
86,USSM17100690,23UvwN9yAowpwPLiCmQ3Qz,The Rubinoos,Gone Today
87,USSM17100690,0fyUp7jhkUQDyINT50CzdV,Megadeth,"Dread and the Fugitive Mind (Live at The Web Theatre, Phoenix, AZ, 16th Nov 2001)"
88,USSM17100690,5g1EeeeswfwBE3ZGY3YJhR,Luz Casal,Quisiera ser y no puedo
89,USSM17100690,5wlHqvWHUBAGDqoRqVILx8,Pete Rock,Nothin' Lesser - Jamie's Mix
90,USSM17100690,28O4QR1TELuXdcnVw9Q6Kt,Chumbawamba,Tubthumping - Radio Edit
91,USSM17100690,7qinPLZ41lgIGuT40EAFs0,Connie Francis,My Heart Has A Mind Of Its Own
92,USSM17100690,6NcyI4rN4tCETBWnABr9NK,The Marvelettes,Too Many Fish In The Sea - Single Version
93,USSM17100690,3LBik9Fp8tZiJLqerkFEJ1,Manfred Mann,Pretty Flamingo
94,USSM17100690,1xgB4RhONOFZFYHbtFXqEv,Boss Martians,Making the Rounds
95,USSM17100690,5SwdAD2YojWUKz5ty2UhyJ,Roy Eaton,Bethena - Instrumental
96,USSM17100690,0jXZCliAfXPEzGVhpQS2Jy,Moby,Life’s so Sweet
97,USSM17100690,0VBvfzawnoYVVXsHLF5jwK,Johnny Cash,(There'll Be) Peace In the Valley (For Me) (with The Carter Family)
98,USSM17100690,0yUR7ZNHAZTzq1gID9jRjH,Bing Crosby,Is Christmas Only A Tree
99,USSM17100690,3O6dlfAlQwgfFbu4mxQvZ5,Jovenes Clasicos Del Son,Ya Se Durmió la Guitarra
100,USSM17100690,1o4g4SZ1xkzZQWVJyALKi7,The Byrds,"Glory, Glory"
101,USMO10001026,7tL7RAiVeV75ErHkFmweaZ,Ladytron,All the Way…
102,USMO10001026,1YjF76CM7hccpVk21Aqr5s,Joe Budden,Porno Star
103,USMO10001026,7x97HGHJQwvgDkYOLbpsVF,Enigma,Age Of Loneliness (Carly's Song)
104,USMO10001026,2R5SFsSLeNRjEJoCJBpaqc,Jack Logan & Bob Kimbell,The Only Son
105,USMO10001026,0Qgu9ShqDFnNScoCkmavJR,Daniel Carter,5 >
106,USMO10001026,2I69iebe4CftqShXyRoIZh,Gérard Lenorman,La ballade des gens heureux
107,USMO10001026,5h0B8rliaYq790jLtBdADS,Antoine Busnois,"Mass ""O crux lignum"": V. Benedictus"
108,USMO10001026,6e3uVirbc8Flly3CCRXrq6,Jimmy Buffett,Why Don't We Get Drunk
109,USMO10001026,6KUjwoHktuX3du8laPVfO8,Marvin Gaye,Main Theme From Trouble Man - 2
110,USMO10001026,320Xd4QG7FrVEmCSUHXHh2,Owen Pallett,That's When The Audience Died
111,USMO10001026,7hbS99uuSAjqwFwcYgUdEV,The Hollies,Carrie Anne
112,USMO10001026,1KPrR83JUNnkMHMzAhAmag,Andrew Bird,The Naming of Things
113,USMO10001026,4G4TkY1wfRLz0xqXIrLOZg,Kraftwerk,Pocket Calculator - Live
114,USMO10001026,2r28LZbs3SP1rG1bylyNCZ,Stevie Wonder,From The Bottom Of My Heart
115,USMO10001026,1KaVfSFHdYHXprycFYNohm,Alice Cooper,It's the Little Things - Live
116,USMO10001026,6ohB3BC0bgPbb23wQqBvN6,Elvis Costello & The Attractions,Human Hands
117,USMO10001026,3NzhoXDykyKdVfhGmW8A8t,Radar Brothers,You've Been Hired
118,USMO10001026,5XeN8l0IAOkkHalwZ1nnSV,The Willowz,Heart Strings
119,USMO10001026,4uKNwESFAWLPma8eqctN7f,Dire Straits,When It Comes to You
120,USMO10001026,48asF1QGx46RBwwPfOOaCd,Goldfrapp,Utopia (New Ears Mix)
121,USMO10001026,0byfyDcU51tNYhSTHRymCN,Foreigner,Woman in Black
122,USMO10001026,46E4di5YoT3Ab5bheoiEId,Head East,Never Been Any Reason
123,USMO10001026,5YV0ZyFTtx7obfSQzo607W,The Cure,Object - 2005 Remaster
124,USMO10001026,5IOUNrN8E37eLGdLNRr9aC,Our Lady Peace,Clumsy
125,USMO10001026,2oJQVU1vj5UjHu8FVf9RPX,Cameo,Baby It's You
126,USMO10001026,59IXYRypw3RVaWQY34DG3H,Tony Bennett,Fly Me to the Moon (In Other Words)
127,USMO10001026,2iO0520MMqgAZpuQVLVvqb,Long Winters Stare,Into The Darkness
128,USMO10001026,6zBN3VXLG7kPBkYTRPf6Eb,Weird Weeds,Bright-Work
129,USMO10001026,2RxzlzFg51M3KqM1PwRKfv,Klaus Badelt,Bootstrap's Bootstraps
130,USMO10001026,7xOVBgNmiGSK6YAJu7hJEO,Brandy,Turn It Up
131,USMO10001026,7fn4GrUDf4d0dONA6YaFKI,Delroy Wilson,Give Love A Try (Extended Mix)
132,USMO10001026,2TzUutzJiSXjac3RTr6tZp,Red House Painters,Michigan
133,USMO10001026,0mBam2u73oRVX5GiapG689,Antonio Vivaldi,"Violin Concerto in E Major, Op. 8, No. 1, RV 269 ""La primavera"": 1. Allegro"
134,USMO10001026,3Ytea3b7VXXkVTN2mRpjvB,Grateful Dead,Cassidy - Live
135,USMO10001026,7kUFkzmFsSIi02RTO7wAQF,Run–D.M.C.,Beats to the Rhyme
136,USMO10001026,6z9N7aufWfMKF6JFb3yMEu,Tuff,The All New Generation - Live
137,USMO10001026,6eMASdR1peGlkxKcPDxNgO,Snoop Dogg,Oh No - Album Version (Explicit) w/o interlude
138,USMO10001026,7CDckEJk2eFaQkPS3JbKvz,"Earth, Wind & Fire","Serpentine Fire / Saturday Nite / Can't Hide Love / Reasons - Live at Sunset Sound Recorders, Hollywood, CA - February 1978"
139,USMO10001026,0l3ylcDHg6bqrTyqPG5hPK,Bobby Darin,If I Were A Carpenter - Live Remix
140,USMO10001026,06ZHibZK3WieRFqQHoRp4L,Belle and Sebastian,A Century Of Fakers
141,USMO10001026,1FxZHmLiMu92rnxhnsxS0G,Casino Versus Japan,Em Essey
142,USMO10001026,1XunTmhOcj3xwh4b8P3isX,Elvis Presley,It's Now or Never
143,USMO10001026,1ndoKCvjMWFO2z2sKd2qQv,Ira Tucker & The Dixie Hummingbirds,I'll Never Forget
144,USMO10001026,4S3vdwsQn5aGhHcR3lvb6h,Breaking Benjamin,Lady Bug - Bonus Track
145,USMO10001026,0pvEerIks5Jj9Z40D2p1Te,Señor Cautivo,Danza de los Negros (The Dance of the Blacks)
146,USMO10001026,3JruhZYx0YjDiPTdMiLPAa,Crash Test Dummies,Give Yourself a Hand (Live)
147,USMO10001026,3VleHl3Gh4z0TDkGM5UsUP,Bright Eyes,Solid Jackson
148,USMO10001026,74zCqI1errV9tRO6nrMfmH,Frank Sinatra,Stormy Weather - Remastered
149,USMO10001026,1kZ6doDqkbLAochMqklXCa,Janis Ian,Memphis (with Willie Nelson)
150,USMO10001026,5QNOf3pLEYq5cIXCibKZnA,John Debney,End Of Days Dance Mix - Dance Mix
151,USMO10001026,3WFyfc3lL0XI9CIKepE45D,Michael Henderson,Fickle
152,USMO10001026,5HJczD5XgL9JOqxv7rQ9DA,Hilary Duff,Love Just Is
153,USMO10001026,1HLqkLuJA4sOC2aSrqwBPi,Dave Matthews Band,Rapunzel
154,USMO10001026,4iZgDdnRhLsBuEgVAShOLD,Alice Cooper,Escape
155,USMO10001026,1DViQw0p1vo0eAMRlUF4Lr,Allure,All Cried Out (feat. 112) - Behind the scenes Video
156,USMO10001026,1K0LXE8skNAfs7EQuyfuB3,The M's,Riverside
157,USMO10001026,5E7r3dxZKMgjIFOfHTBfjN,Juno Reactor,Mona Lisa Overdrive
158,USMO10001026,4VbTR1LIPYT4aPyVp2mAmV,Wolfgang Amadeus Mozart,"Mozart: Don Giovanni, K. 527, Act 1 Scene 9: No. 7, Duettino, ""Là ci darem la mano"" (Don Giovanni, Zerlina)"
159,USMO10001026,6xMPlR40PWQGiLuyU7ZOKn,Moonspell,Rapaces
160,USMO10001026,23x1l5fneuI3tfw52NftWH,Tiësto,Love Comes Again
161,USMO10001026,4XtIxR6kJm2cyw1mTEfQqp,Daniel Lanois,Panorama
162,USMO10001026,3ZpMmPJBRigBFdzOjbASbt,Dirty Projectors,Tour Along the Potomac
163,USMO10001026,0BdTZNyYnSIDmkqjxSB0ef,Whitesnake,Fool for Your Loving - 2009 Remaster
164,USMO10001026,1JQt5X7VSWsi5ZPx9cKsFe,Andrew Gold,Sure Got Quiet in Here
165,USMO10001026,7jxDWUyMVlotOtvXyjxJQb,Zap Mama,Ya Solo
166,USMO10001026,6k90sqoNlaOYyyxpiUHWrT,Ministry,Psalm 69 (Live in Paris)
167,USMO10001026,6wFzbfT5AHFH4Bth7mfpO0,B.B. King,Since I Fell For You
168,USMO10001026,3VCFlPFApCJa9Z7ITERzqH,Jean Sibelius,"Sibelius: Symphony No. 7 in C Major, Op. 105: I. Adagio"
169,USMO10001026,7qxwbNHbANqGUzZ1JpcyNr,Mustard Plug,Sorry Now
170,USMO10001026,4PSWRNTCsL7iLNQKgezApa,Peter Ostroushko,Heart of the Heartland
171,USMO10001026,3OIpVy4hMNWrZEjj2WgRP9,Warren Haynes,I've Got Dreams To Remember
172,USMO10001026,2eRYuzlSOBk3HlMsCSOLPJ,Player,Baby Come Back
173,USMO10001026,53M5hwP1HZFrJXBVmFR7E3,Ween,Drifter in the Dark
174,USMO10001026,48t3UGRN0fVrIPqt0aOlbB,Sonata Arctica,Broken
175,USMO10001026,4kWq6k96DxJqzl44wztM6F,Toots & The Maytals,Having A Party
176,USMO10001026,3QfM4MDEKsi07YzqynN7EU,Sons And Daughters,Rama Llama
177,USMO10001026,4etSa9kdYO5e4BMUM8KBUX,Superdrag,The Emotional Kind
178,USMO10001026,1jfgh0b0yhGnV7waUZWIIN,Burkhard Dallwitz,It's a Life
179,USMO10001026,5j9C4UvsB9E5do2R0juLHb,Wynton Kelly,Make The Man Love Me
180,USMO10001026,3MODZam96oIyzopwC2RQrp,Aretha Franklin,Angel
181,USMO10001026,3Y6kmmg3idJ95IbG6zBkqE,The Charmels,Please Uncle Sam (Send Back My Man) - Single Version
182,USMO10001026,0Kc7AfYyYrEToxVUmiWMDW,Éric Serra,Procession to Orleans
183,USMO10001026,3GREm6zSHwKZsJxl0hqbAQ,Depeche Mode,People Are People - 2006 Remaster
184,USMO10001026,1N0n2wMM1Od9H4R9NiQuUJ,Les Nubians,Voyager
185,USMO10001026,5r9LJQE2L4pto4j1FM8ZUi,Sean Price,Jail Shit
186,USMO10001026,7uXGcyyVIFd5uwAJuESHuV,Brazilian Girls,Me Gustas Cuando Callas
187,USMO10001026,4Q7UkPYq3NGTwhAMjfeE4a,Eminem,If I Had
188,USMO10001026,4dlW1JQaGYc7kPAyZmOJM8,Wolfgang Amadeus Mozart,"Piano Sonata No. 17 in B-Flat Major, K. 570: II. Adagio (Arr. I. J. Pleyel for string quartet)"
189,USMO10001026,25vbig2HRPlkDIkjxx8zDn,Kevin Braheny,Milky Way Rising
190,USMO10001026,6qbYPZYJ7U4YwkUVagYqgv,John Mellencamp,Miss Missy
191,USMO10001026,0sj9yu9kL8Nmj6CEQ0VZZR,Bruce Springsteen,The Big Muddy
192,USMO10001026,3BYKlVp3QPrUcfnZWyqO0K,Jim Guthrie,"Now, More Than Ever"
193,USMO10001026,6gO2gBzKKxyR49ifmKlkvz,Steve Perry,"Once In a Lifetime, Girl"
194,USMO10001026,7D1FXKTNz2gQDG5bqOPfZ4,Supergrass,Going Out
195,USMO10001026,7yfelQUT7pUPWwsRSV8D1b,Grant Green,Django
196,USMO10001026,75lyoqCZk942D3K7HHJtE0,Jethro Tull,My God - Live
197,USMO10001026,5OmCLim6Ibetb9tQOumiLn,Mike V & The Rats,Another City
198,USMO10001026,0Y2yfCj7jvS55VEvx1ytlw,Dock Boggs,The Death of Jerry Damron
199,USMO10001026,1ElPJiI7oJIcEI5k4RrtZL,Fleetwood Mac,Need Your Love so Bad - US Version
200,USMO10001026,7LJz6DZS1tIRB06bbYbAPi,Erykah Badu,...& On
201,USIR29800091,3sSXIbi8KxID2jBuvtmDlO,Charlie Rich,Beautiful Woman
202,USIR29800091,7gkuCYWtPHsntj5eiHqa8n,Jeanette,Amanecer
203,USIR29800091,5HybmSs6AV6FWaxv9UYxqe,Johnny Mathis,"Good Night, Dear Lord"
204,USIR29800091,3Y4tjjebbyEJ1409eCBlJ9,Stevie Wonder,Please Don't Go
205,USIR29800091,52PhoPFtbwZK2l4zO3fR25,Alanis Morissette,Surrendering
206,USIR29800091,6MxJ3eiHQBZZileEIc6Q8w,Michael Roe,It's Still Here (Live)
207,USIR29800091,29O97dLTo4LnMCIkix6pWL,Limbeck,In Ohio on Some Steps
208,USIR29800091,3H0PmeGFYXJvmiJssiNnYT,TobyMac,Ill-M-I
209,USIR29800091,7bTwaUqpluLnd9xXmmObxw,Little Big Town,Bones
210,USIR29800091,2iB7IKO80VAZoxnfuRXVK9,Busta Rhymes,Truck Volume
211,USIR29800091,3qCHUm73I3o5F1mDEfibzo,The Spencer Davis Group,Gimme Some Lovin' - Single Mix
212,USIR29800091,5MVw0LX5TKuOoKWGPRF76t,The Brian Setzer Orchestra,Nosey Joe
213,USIR29800091,1uz7XNGIPwugpFvRqQ5XtQ,Muse,Hate This and I'll Love You
214,USIR29800091,5VxUE9kR8Q69d55x4Yf9DZ,Foxy Brown,I Don't Care
215,USIR29800091,3hMYeXwP0uk7nQyXZtwalB,Mark O'Connor,Strings & Threads Suite: III. Captain's Jig
216,USIR29800091,3xeubznwKxQD0OFwLIVd7Y,Peter Himmelman,"Woman With The Strength Of 10,000 Men"
217,USIR29800091,3GcRZ1Q9Q6NIeDNw3MVAWS,Modest Mouse,Trailer Trash
218,USIR29800091,0hPwMH9HF1zWi9OhrzgKwU,Frédéric Chopin,"24 Préludes, Op. 28: No. 7 in A Major"
219,USIR29800091,4bmudF9rldfXEwZZBqp1tv,Kelley Stoltz,26th Street Floor
220,USIR29800091,0w6nR60VzGOIeh7zAoAOhf,Nazz,Under the Ice
221,USIR29800091,4whM0omyFESqP9ImzRGSG8,Stevie Wonder,True Love
222,USIR29800091,2vUyTE6LO1h6vwwq54AJKz,Annette Funicello,"Tell Me, Who's the Girl?"
223,USIR29800091,0JT92E0kZHbg3dv8fs9U1A,Albert Ammons,Jammin' The Boogie
224,USIR29800091,7jcKO6K7ydJ4LB7EjInnSY,Hazel Dickens,I Can't Find Your Love Anymore
225,USIR29800091,1Lq7FyOGhERbyAyf0adljt,Al Jarreau,Grandma's Hands
226,USIR29800091,3dSP5jhMdZrxl0IUHlGluy,Brad Mehldau,Sehnsucht
227,USIR29800091,7wdkn30X4YSW6jZLWRjisO,B*Witched,C'est La Vie - Dog In The River Mix
228,USIR29800091,34at4hnqlvBbFvsSN66T0x,Shanice,Doin' My Thang
229,USIR29800091,7zHwNPjvrCQccKyiEVG2mJ,WC,Can't Hold Back
230,USIR29800091,54gd0uLX9CwLVpIxxrFNpr,Lucero,The Blue and the Gray
231,USIR29800091,7a4TpfYyKDIASkVUaVTiU0,Talvin Singh,Jamming In London
232,USIR29800091,2102IIuDs7yKEHVr0WXgud,Winterpills,Pills for Sara
233,USIR29800091,1rYdwXXSrUeKW8fTF6H85J,Canned Heat,Amphetamine Annie - Remastered
234,USIR29800091,3LbpmYD06fxsLV2shz3Rqk,DJ Blass,Sabanas Blanca
235,USIR29800091,0j1pCFG3xQWRNxaGvzGbyp,Audiovent,The Energy
236,USIR29800091,6hCUSkP31SrB0SPYvCflPn,Issa Bagayogo,Dambalou
237,USIR29800091,30lGa84OEfz5eIAcoRpj7k,Wolfgang Amadeus Mozart,"Die Entführung aus dem Serail, K.384 / Act 3: ""Ich baue ganz auf deine Stärke"""
238,USIR29800091,1fSKPEZ2FiyTuAIH6rSR30,Frédéric Chopin,"Chopin / Arr. Heifetz for Violin and Piano: Nocturne No. 16 in E-Flat Major, Op. 55 No. 2"
239,USIR29800091,2zUeVaYOmCFTg7hcVhcHr0,Jaime Jamgochian,Love Rains Down
240,USIR29800091,3ckI5qr1M5JFDj1KyB9z7j,Amy Rigby,Til The Wheels Fall Off
241,USIR29800091,1x6WoHESGcYnToOxRna1Xq,Aaron Copland,Music for Movies: 3. Sunday Traffic
242,USIR29800091,6iXQrhhgBisdfvS34EMTZ3,Barry Manilow,Mandy
243,USIR29800091,6ucG7pQcYYcgO9d1bHzsmn,Critters Buggin,Hairy Partched
244,USIR29800091,1qHOe73On2RGVI5Zss7b3p,The Jackson 5,Goin' Back To Indiana
245,USIR29800091,5gZR2gQcVsQYPZpbOBwtmk,Art Blakey,Moose The Mooche
246,USIR29800091,1myHJbXfY7BxAv9xdtFiJw,Robert Johnson,Kind Hearted Woman Blues - Take 2
247,USIR29800091,0goLunjUlJm2FCkty0OWG6,Kanser,Sins of the Father :2003
248,USIR29800091,02nH7HXbs3i9kdWef9or8E,Lost Boyz,"Jeeps, Lex Coups, Bimaz & Benz"
249,USIR29800091,6T2QCAFNrCOuLOJmF8H1dU,The Aquabats!,Fashion Zombies!
250,USIR29800091,4CnhLhfsCtIwzBKvfJ2c1Z,C Average,Strider '88
251,USIR29800091,7jZUx6tZMNYNh1qGxCI9Mr,Belle and Sebastian,Put The Book Back On The Shelf
252,USIR29800091,5dtTD2LIqWk1GsB8y0zDur,Phoenix,Honeymoon
253,USIR29800091,1InkEzGd1aoK5bB8xrDtvO,Echoboy,Automatic Eyes
254,USIR29800091,4O7oKy8YADaBrbehcPl0kE,JAY-Z,U Don't Know
255,USIR29800091,4JDArRn6DNJgw63xpu7FoA,Don Cherry,Terrestrial Beings
256,USIR29800091,2dk9YJ9TXE0pmgYWHr0weP,Neurosis,Zero
257,USIR29800091,01FOQYIOQkLRGWOxQ1b365,Leroy Anderson,Sleigh Ride
258,USIR29800091,6JJAuXFfyv2Wuf9XaSD1bg,Lila Downs,Sale Sobrando
259,USIR29800091,6x3IQ8s06bN63dMFLGZBDP,Maurice Ravel,"Ravel: Daphnis et Chloé, M. 57, Pt. 3: Pantomime"
260,USIR29800091,1ibeKVCiXORhvUpMmtsQWq,Sum 41,Pieces
261,USIR29800091,576sPsZUKCZYuiYqz2GtqQ,Vitamin C,Unhappy Anniversary
262,USIR29800091,7kgp94Ur9i8kjICRaeJXKe,Ramones,Teenage Lobotomy
263,USIR29800091,3qSuAZgvf3GHyiSJJCwhDw,Edward Elgar,"Elgar: Serenade for Strings, Op. 20: I. Allegro piacevole"
264,USIR29800091,4m252lDFRfnnuhmguk41zD,David Holt,Leave A Message
265,USIR29800091,5FlBGGwGuqYmqr0qeBWrxe,The Doors,Five to One
266,USIR29800091,6WLxv3COJSy8PCQLzZpNQC,Mötley Crüe,Public Enemy #1
267,USIR29800091,3dYS1w4w3Lqol3icrp7hjX,Wayne Shorter,Juju
268,USIR29800091,7wE0MkXKVhcBNBo3NcZHKy,Dr. John,I Been Hoodood
269,USIR29800091,4rVv2uMSDh6C7tJv0C8KcC,Destiny's End,Under Destruction's Thumb
270,USIR29800091,0zITULEFzksIY7OZbBENVo,Avenged Sevenfold,The Art Of Subconscious Illusion
271,USIR29800091,06feTT8v7mJSDTCsNTm2X4,Heart Attack,Society
272,USIR29800091,4JosyubgIpErAsvMKwph8n,Elliott Smith,Bye
273,USIR29800091,30sixQcUtHCZg3wvFLUDU8,Benny Goodman,Applause; Transition Back to Goodman Orchestra - Live
274,USIR29800091,1WGkhxEi7YjU9Am9ij6AJa,Pink Martini,Amado Mio
275,USIR29800091,3xkp3t7mOJXTp0v8QS4uC2,Genesis,"The Lamb Lies Down on Broadway - Live from the Shrine Auditorium, Los Angeles, CA, 24/1/1975"
276,USIR29800091,70pXSZIkXWo1GnH2BvaJeC,M.O.P.,Home Sweet Home
277,USIR29800091,0GW64voIgLypKtZnAnReGF,John Denver,"Matthew - Live at the Universal Amphitheatre, Los Angeles, CA - August/September 1974"
278,USIR29800091,27GebDmy4NnmuZFqmQrDuO,Simon & Garfunkel,"The 59th Street Bridge Song (Feelin' Groovy) - Live at Lincoln Center, New York City, NY - January 1967"
279,USIR29800091,6lxHFwzlgb6MOm6SQdy6ts,DJ Quik,You'z a Ganxta
280,USIR29800091,0rCRxb07Pah4VvNB0jAWE8,ABC,The Look Of Love (Re-Recorded)
281,USIR29800091,4qWizh4UB8BuSypZ3T1zAz,Def Leppard,Love Bites
282,USIR29800091,5TMVNGCCHS01ub7oOLzyFW,Horace Silver,Doodlin' - Remastered
283,USIR29800091,1EtQDVTjg7AZBVADbGcoWm,Public Enemy,Go Cat Go
284,USIR29800091,7ni7TS5PmCEFU9ilu6gpZo,Groovegrass,Cypress Grove
285,USIR29800091,2iQLjQNSyJxpkGDO7GKYjC,Neurosis,Flight
286,USIR29800091,7DvXY44q4ssEZyaUscSCcD,Robert Pollard,Tight Globes (2019 Remaster)
287,USIR29800091,0YYpiRYHqxXxs3CBPvUrNR,Black Label Society,Bleed for Me
288,USIR29800091,0VhSbjd3HzN3WVtf3l2eXz,Bowling For Soup,Smoothie King
289,USIR29800091,7MMsiW4lohrR9vNCagqfSs,David Bowie,"White Light/White Heat - Sounds of the 70s - John Peel, Recorded 16.5.72, 2000 Remaster"
290,USIR29800091,1GFqG4R3PkSgj7DtZXIzap,Eternal,Don't You Love Me - Radio Mix
291,USIR29800091,3iA4foXIFpekwHyma7pRs1,Men At Work,Overkill
292,USIR29800091,4UIHITh22ZhIMNXHVuqnsi,Melissa Manchester,A Mother's Prayer
293,USIR29800091,0AL16NghfA2ndXKkHICNGF,Lagwagon,Burn - Live
294,USIR29800091,6sEKAFPDXm4i8cKVgXILKD,Herb Alpert,Alone Again (Naturally)
295,USIR29800091,6RSwUrAdAWorxXUznCxOcU,Iggy Pop,Kill City
296,USIR29800091,2dArbFlvVQ9igIgx7JLEuy,The Cure,Temptation Two (aka LGTB) - Rhino Studio Demo 7/82
297,USIR29800091,66YHxyGAUGjMBDdrDlWIMD,Pink Floyd,One of My Turns
298,USIR29800091,1msuiw6pnXYfxZ7Edyit9U,Faith Hill,"Where Are You Christmas - From ""Dr. Seuss' How The Grinch Stole Christmas"" Soundtrack"
299,USIR29800091,3mHYjCQLAE0gzVmf4Wantw,Anne Murray,Blessed Are The Believers
300,USIR29800091,2teE7waFcWtFpSTKJKMYn4,Stanford Prison Experiment,Contusion
301,GBAYE9900795,2rrQzyJVFMMkD3lsLdN4fO,Cindy Blackman Santana,Ballad Like
302,GBAYE9900795,0cSm1jZJBQCBF4EWBifsSX,Jasmine Trias,Inseperable
303,GBAYE9900795,0CXToaieNB8491m8gfyykg,Samite,Angel Child
304,GBAYE9900795,6KJWtTxerhIfhrKB9fsDCX,The Priests,Take What You Bring
305,GBAYE9900795,5FgMmwwET9HwiLO1CNKxaa,Patti Smith,Land: Horses / Land of a Thousand Dances / La Mer(de) - Live
306,GBAYE9900795,33Jts5kbWF2U54404A86To,Jedi Mind Tricks,Genghis Khan
307,GBAYE9900795,3DQ8ApiouUOkUbzCmyXwgW,The Smithereens,Blues Before And After
308,GBAYE9900795,3kdGMnFYSKD7ALecbxadhg,Jack Jones,The Impossible Dream
309,GBAYE9900795,5KsemGWZEdWI0c88EzP0id,Diamanda Galás,I Put a Spell On You
310,GBAYE9900795,7HmfPB7pCHCxBsC6R18vyV,Melanie,Groundhog Day
311,GBAYE9900795,51T3xqyo06pNvrXPx1WeY8,Randy Newman,Boo's Tired
312,GBAYE9900795,4dAXNLFXZIRAwTCHjQzgQi,GusGus,Snoozer
313,GBAYE9900795,5GDTUjNwfVJJl9h9pMbU5Q,Slayer,Expendable Youth
314,GBAYE9900795,05vaDRtGsIG7HX7neplO4z,Shirley Bassey,What Now My Love - 2000 Remaster
315,GBAYE9900795,4IDTOyRmdtNt8cNxX9brjY,Fela Kuti,Opposite People
316,GBAYE9900795,3G44F5kHpGhs1rWwinQ0mb,Nazz,If It Feels Good
317,GBAYE9900795,1QvbFyWtsRYjHvkEYlcFvi,As I Lay Dying,Illusions
318,GBAYE9900795,6FOpPA0a80RuBqqgDozvja,Staind,So Far Away
319,GBAYE9900795,1n5ZiOegLLnO4zDLd9eSrE,Sultan Khan,Dhee More
320,GBAYE9900795,0qHAqrgNPemjOygLgwXn46,The Rembrandts,This House Is Not a Home
321,GBAYE9900795,5HUnL7j7gPQC3eCwj7qNd4,Plumb,Late Great Planet Earth
322,GBAYE9900795,7G2hW0ZJjPufmOwQH3Pde1,Gabriel Fauré,"Requiem, Op. 48: In paradisum"
323,GBAYE9900795,452fSzvkB2A8FHVI4JKK2S,Meat Loaf,Rock And Roll Dreams Come Through
324,GBAYE9900795,0Pmc1Tyspd0wSpRYabEOor,Soul Asylum,April Fool (2022 Remaster)
325,GBAYE9900795,7st6oVX82MZw6gedYPj17F,Kelly Willis,Talk Like That
326,GBAYE9900795,5J7B0sL4NC3zL20eQ0qLJ5,Sammy Hagar,Karma Wheel
327,GBAYE9900795,5k9UiRxAinDnRnYFTjK5MZ,Ashtray Navigations,Mysterious Starling Museum Music
328,GBAYE9900795,78nxaXQThyMHzVtspOH4eA,Jools Holland,Riffin' with the Griffin - Instrumental
329,GBAYE9900795,7fffRtECtDOektHCqXqvoB,Lynyrd Skynyrd,Take Your Time - Single Version
330,GBAYE9900795,5DMKaLGapiD2ukGscAzCVl,The Band,Mad Waltz (Sketch Track for 'The Well') - Studio Version
331,GBAYE9900795,5EZ5hUlMEiUEziYMGeTsRc,Pearl Jam,Gremmie Out of Control
332,GBAYE9900795,06DUiFHmbHo6sSbDxQbMBx,The Band,Ain't Got No Home - Remastered
333,GBAYE9900795,1aOgQKPx9PTnK5uiFc5zhe,Midnight Oil,Tone Poem
334,GBAYE9900795,3OhupXwRrVBXSqz0gmDDQw,Babul Supriyo,Hata Saawan Ki Ghata - Remix
335,GBAYE9900795,5RpfIWINp8msL7C1IY4W6s,Funkadelic,"I Got A Thing, You Got A Thing, Everybody Got A Thing"
336,GBAYE9900795,4ulWPzHUYcsAu9vwL3fPyk,Jaime Jamgochian,Hear My Worship
337,GBAYE9900795,6Ct2vx56ffqzplQiSTRdYc,Noreaga,Animal Thug - Interlude
338,GBAYE9900795,6Inq57v3xTl6U361EgpXJZ,Brad Mehldau,For All We Know
339,GBAYE9900795,020kuI6xOb7i8PKKhUI8Gz,Hanzel und Gretyl,Overture
340,GBAYE9900795,5K0J1ndOPjf5Cdkh65QXnK,Lee Ann Womack,Don't Tell Me
341,GBAYE9900795,2obApuOMIo2wYMHDfrbDxJ,Delaney & Bonnie,Love Me a Little Bit Longer
342,GBAYE9900795,0bZJLx8yv4HorSZMiCKosC,Ella Fitzgerald,(I've Got) Beginner's Luck - Mono Mix
343,GBAYE9900795,0KhiesN7gLBPEQhKsBmrI1,Debbie Gibson,Foolish Beat
344,GBAYE9900795,50hFlYpAKyiEDUJnwiZsaT,Alice In Chains,Head Creeps
345,GBAYE9900795,0yg8TFDguUXunqmkeCBzPr,Princess Superstar,The Happy
346,GBAYE9900795,2JAFuSKp4hJNUUtvspk7Ua,Longshot,Run Up 2 Me
347,GBAYE9900795,5xip26rkIkNCFKRpPc9aqd,John Williams,The Meadow Picnic
348,GBAYE9900795,6JNpm2nxXI5BDeBGXd0GQN,Richard Strauss,"Strauss, R: Ariadne auf Naxos, Op. 60, Opera: ""Hübsch gepredigt! Aber tauben Ohren!"" (Harlekin, Zerbinetta, Brighella, Scaramuccio, Truffaldin)"
349,GBAYE9900795,689IlNRS5aGJCYDRXWMZOJ,Kidz Bop Kids,My Happy Ending
350,GBAYE9900795,4kzJo8Kq4igLXfVh2Go618,Doktor Kettu,Reset of Dark
351,GBAYE9900795,60DJl9dXQChozmBE5A0hKm,Pete Seeger,She’ll Be Comin’ Round The Mountain
352,GBAYE9900795,5o50KQA3b7HBAJ00IHLuIR,Chicago,We Can Last Forever
353,GBAYE9900795,4gbteQ8zq494eJ8vsYjzal,Juice Newton,Angel Of The Morning - Single Version
354,GBAYE9900795,5KNjqSkOJWQZCuHTst80yG,Ted Nugent,Death by Misadventure
355,GBAYE9900795,4rMx3RgQUgpJ699hzMJKrP,4 Strings,Let It Rain
356,GBAYE9900795,3f576AHUdwpPoj08OFgefY,Bad Religion,Quality or Quantity
357,GBAYE9900795,4mc46KJmPfvsq6j4ygJfbG,Tony Sheridan,The Saints (When The Saints Go Marching In)
358,GBAYE9900795,4DGPON9kch3YXAzVsozF8R,Zero 7,Distractions
359,GBAYE9900795,47TcnI9l5a7LRxJUFip5xC,Sheena Easton,I Like The Fright
360,GBAYE9900795,2KRkdTeADnoqt0rpYpXj6S,Léo Delibes,"Lakmé: Blumenduett (Lara Croft Tomb Raider): Lakme, Act I: Dome epais, ""Flower Duet"""
361,GBAYE9900795,2AjWL8pAyrpFS2SWFK7jAA,Moacir Santos,Kathy
362,GBAYE9900795,3DzXiarAfzOyDp8xt1uwAQ,Karl Jenkins,King Of The Sacred Grove
363,GBAYE9900795,1AYN8A1CUVx4YOWEk1ywZg,Jaci Velasquez,A Un Paso De Mi Amor
364,GBAYE9900795,2YOCpP28G308DPIZyq1mIo,Rod Stewart,Oh! No Not My Baby
365,GBAYE9900795,5DyQTV0AKcV2aOeFLx2w4u,Johannes Brahms,"Variations on a Theme by Haydn, Op. 56a ""St Antoni Chorale"": Var. III. Con moto"
366,GBAYE9900795,1I63q5aYjoyai9CI8QXDrn,my bloody valentine,Touched
367,GBAYE9900795,4qVHMvDbQPc03hUTWxv2wB,Claude Debussy,La Mer: Jeux des vagues
368,GBAYE9900795,2HvkwCYRuVXXFj9603Tz4L,Tobin Sprout,Making a Garden
369,GBAYE9900795,0s8OsDxW96cl290PcsI2mX,3 Doors Down,Duck And Run
370,GBAYE9900795,7xbFt7DE4z9YDVzquMBoqw,Ben Folds,"One Down - Live at the 9:30 Club, Washington, DC - June 2002"
371,GBAYE9900795,3R1LacYNDl7h4giTAEFk2e,Angela McCluskey,Long Live I
372,GBAYE9900795,3IMpFoO4GJq8jzvCZO0sfX,Cher,The Thought Of Loving You - 1
373,GBAYE9900795,3UzO2XqkuoVtoD2diEbBZu,Slayer,Here Comes The Pain
374,GBAYE9900795,4b9pSvIz68kJOxE7dBccRJ,The Microphones,Instrumental
375,GBAYE9900795,3gYdEuSW3WulxmjkJoCnXK,Duke Ellington,Circle of Fourths
376,GBAYE9900795,1fzFDTT3H5s9nJVcq9tqpf,Big Tymers,Snake
377,GBAYE9900795,4oBpfCQHOLyYmFzRB3t4Om,Bert Jansch,Needle Of Death - 2009 Digital Remaster
378,GBAYE9900795,1MZ6X6LSRdxqBlAls4JlGE,Iggy Pop,Houston Is Hot Tonight
379,GBAYE9900795,5AqsTxDgXS9o3UoQhigPpY,Rigor Mortis,Wizard of Gore
380,GBAYE9900795,4wxF4OWEqwL1DlSWXAxZGg,The Cheetah Girls,Feliz Navidad
381,GBAYE9900795,718404xVm5oiHsLCsvgIAi,Dream,When I Get There
382,GBAYE9900795,11UHx3STEZQ0yD8Ujoqb9u,David Bowie,Let's Spend The Night Together (Live) [Stereo] - Live; Stereo
383,GBAYE9900795,7KCvWxWVyc6TwdAan9MiIf,Dolly Parton,I Wanna Go Back There
384,GBAYE9900795,0960y7BLnbb9SUVo33vKNW,Jimi Hendrix,"Driving South - alternate take, BBC Sessions"
385,GBAYE9900795,5wXrQgeZtaMoA7ZWgPDsPn,Snoop Dogg,Can You Control Yo Hoe
386,GBAYE9900795,3A8uelDqHoBlNdrf7e0QOF,Stanford Prison Experiment,Extinguisher
387,GBAYE9900795,2efnH6UuuJuJrgFthzN14K,Giuseppe Verdi,"La traviata / Act 3: ""Ah, non più!"" - ""Ah! Gran Dio! Morir sì giovine"""
388,GBAYE9900795,482BgWflOT1zUzB2B6knRt,Heiruspecs,Two-Fold
389,GBAYE9900795,0dHh4hdEi2kGgjaZVJWn8f,Smog,Ambition
390,GBAYE9900795,47IxtQ2ckV4roLEsyHv5LT,Mike Vallely,Innocence Is Beautiful
391,GBAYE9900795,3m1naEMJuRk6KXubOfcBjJ,Philip Glass,Glassworks: III. Islands
392,GBAYE9900795,5mC5BYYc2yoAm3vGvA5hml,Bad Religion,All There Is
393,GBAYE9900795,1YhiWWFrbdd3kAVhSYDhZ7,Madonna,American Life
394,GBAYE9900795,3UhKbZx2oHWcYF3fUIxhhl,The Peter Malick Group,Things You Don't Have To Do
395,GBAYE9900795,5VXVLU8loHp8Unm9aNbaE1,Seal,Prayer for the Dying
396,GBAYE9900795,6vHxodRfTQfm0bA9zvYSk5,Rat Cat Hogan,Blackout
397,GBAYE9900795,6ere1o8vYGzfS9C4aPunRI,Seven Witches,We Are The Coven
398,GBAYE9900795,4WOj7Vl38sVz9Zjjw8X8xk,Karsh Kale,Empty Hands - Dk Pyar Amor Mix
399,GBAYE9900795,6ucQsfPOIP4zMRwsD0sazn,Judas Priest,Turbo Lover
400,GBAYE9900795,2HqgIh7akce0zTfegSMs0g,Jamelia,I Do
401,USBAE0600940,5DDbLU52zJc3I8y2nBuCBb,Johann Sebastian Bach,"15 Inventions, BWV 772-786: No. 1 in C Major, BWV 772a"
402,USBAE0600940,7zJWPQ8tYlVLVSVBqhDKSZ,The Beach Boys,Surfin' Safari - Mono/Remastered 2012
403,USBAE0600940,7d74mZnMuFgKUbNArZNDMg,Dolly Parton,We Irish - Live
404,USBAE0600940,0BDIVpYE3LVCAxxCMHOzLY,Georges Bizet,"Carmen, WD 31 / Act 2: ""La fleur que tu m'avais jetée"" - Remastered"
405,USBAE0600940,59re4emGgLkIchjvXS37hs,Koko Taylor,Voodoo Woman
406,USBAE0600940,3HpT59OiYPLyL65iAG3LdX,Robert Pollard,Harrison Adams
407,USBAE0600940,5npM7WGCaXDS5xO6Z9hJVj,Cameo,"Back And Forth - 7"" Version"
408,USBAE0600940,0CAj7Re6tu6LhHRU3DZZUh,The Streets,Could Well Be In
409,USBAE0600940,3PBKcE5sDRSjvcYDjeWZFW,Howard Shore,A Journey in the Dark
410,USBAE0600940,1VweLtgZSFOleHw1uxmpgd,Sufjan Stevens,Ding! Dong!
411,USBAE0600940,5EP4cd9lIsdCpl8S3aWmxG,Keb' Mo',Talk
412,USBAE0600940,1nWgqCjrDrdcd0b1X638bs,Delbert McClinton,Kiss Her Once for Me
413,USBAE0600940,3ixwlnypGlUQeeP5hoxQd2,Ween,Mushroom Festival in Hell
414,USBAE0600940,6Fu2DQzXvx28qYEPrXDikG,Creedence Clearwater Revival,I Heard It Through The Grapevine
415,USBAE0600940,4wywL4i6LnkFJ1tErOfFXR,Big Sky,Mind's Eye
416,USBAE0600940,2aMbd3cA4HPElvWbalKHXq,The Shore,Hold On
417,USBAE0600940,0vReD9B3eTffUuJ7Eh1z4I,Tomaso Albinoni,"Concerto a 5 in D Minor, Op. 9, No. 2 for Oboe, Strings, and Continuo: III. Allegro"
418,USBAE0600940,5uDhmOoZGNHvGeefvTQsYp,Tori Amos,"Mother Revolution - Live ""Bootleg"" Version-London"
419,USBAE0600940,0itdW3w2OOl2itVBjGJzXo,Frédéric Chopin,"Four Mazurkas, Op. 24: I. Lento"
420,USBAE0600940,2seqsVYFO7vHMPWIrAYSSf,Fleetwood Mac,What Makes You Think You're the One - 2015 Remaster
421,USBAE0600940,0hk5UKqvME6Zf5Og35N0Sk,Jaci Velasquez,Come As You Are
422,USBAE0600940,5MTfBrStlgHVLfxzkHTRFy,Mudhoney,If I Think
423,USBAE0600940,29XMxxOysSOJjxT3Gcdydh,Los Hermanos Rosario,Por Amor
424,USBAE0600940,7gE9aCIF99qA0U3qd3hJ0o,John Lee Hooker,Guitar Blues - Instrumental
425,USBAE0600940,2OIjY3gvvZUHp8CYC4Mrzv,Ryuichi Sakamoto,Water Drop
426,USBAE0600940,5fdD4AD9DLLysJyGDiUErK,Minus Story,Gravity Pulls
427,USBAE0600940,4jHZeEzAyqA3vFVABNpeHx,Gloria Estefan,Heaven's What I Feel - Corazón Prohibido
428,USBAE0600940,3PpbqtB8RDoAyvngAeuIgH,Kill Hannah,Sick Boy
429,USBAE0600940,4eutZb21bHZerJnxqW5lB0,AC/DC,Rocker
430,USBAE0600940,3pfScg8vpDbWFYTNtJosWd,Ted Nugent,A Thousand Knives
431,USBAE0600940,15z6fv2XGRzuFqX7U1p65b,Tangerine Dream,Birth of Liquid Plejades
432,USBAE0600940,43WdNWCjQvpBgjG6xp6yVU,Teena Marie,I'm A Sucker For Your Love
433,USBAE0600940,6IceIm5buO81z7osLbI7G2,Jann Arden,Never Give Up On Me
434,USBAE0600940,6UyHDnHeofZ0BWZRHFfxp0,Thomas Newman,Fin McGovern
435,USBAE0600940,3af1DhIp5OeafUINi6b4BL,Abdullah Ibrahim,Tuang Guru
436,USBAE0600940,51lMgAwVFtK3kblg2nB6qb,Manfred Mann,You Gave Me Somebody to Love
437,USBAE0600940,5wqkbHzMyCSzylje4TtWwx,Ramiyah,Turn It Out
438,USBAE0600940,2J9eys1qJfPiUzRDwD6Hi6,Cream,Swlabr - Demo Version
439,USBAE0600940,0LSx4wrciz0D0Q2dYVUFV8,Horace Silver Quintet,Nutville
440,USBAE0600940,7jmEukeWKG64zyTFDrBSdk,The Notorious B.I.G.,Dead Wrong
441,USBAE0600940,69qwjK7oawlU8rrl4v9uac,Deadbolt,Who the Hell Is Mrs. Valdez?
442,USBAE0600940,4GNfTosoOdgE9Akq2AcDtd,Motörhead,Bastard
443,USBAE0600940,1jEPMDtkDt43NQ2WKmr35Q,Steve James,Stack Lee's Blues
444,USBAE0600940,7dgMTwNDOnEEGrAbnGi9Qk,8stops7,"Forget (With Hidden Track ""Empty"")"
445,USBAE0600940,1b9Q015tzd0tYzlPumy3UG,Don Williams,Miracles
446,USBAE0600940,7IS8Nlm8Hj2egD48tGghAd,Dr. Jeffrey Thompson,"Symphony No. 4 in C Minor, Andante"
447,USBAE0600940,4XOBBeGXtCjQJHKn8IpV6i,Baby Teeth,Big Trucks
448,USBAE0600940,7614aFNultfuNyPLBbPPq2,Niccolò Paganini,"Paganini: 24 Caprices, Op. 1: No. 22 in F Major"
449,USBAE0600940,4XcGTjRucN39FvHMgIznOU,Morbid Angel,Rebel Lands
450,USBAE0600940,5xYt5yG3KArTBr3rN9fwOr,Glen Campbell,Roll Me Easy - Remastered 2001
451,USBAE0600940,7jRpy3uofZJIVQjGnhv9G9,Dolly Parton,Time For Me To Fly
452,USBAE0600940,11DjZQEZ69EXLo77HVj6yW,Creedence Clearwater Revival,Green River
453,USBAE0600940,1Vu8p3k4rfbETQCjTGjmzg,Creedence Clearwater Revival,Long As I Can See The Light
454,USBAE0600940,3HKrwaQVa6RgqIfl6Nzj8v,Aretha Franklin,Soulville - 2002 Mix
455,USBAE0600940,2UKRLOav7QmGWPXbOIjGj5,Scott Weiland,But Not Tonight
456,USBAE0600940,6UDJvfqJRrfiai13Nqvjar,Bad Religion,It Must Look Pretty Appealing
457,USBAE0600940,3Tbs9O6zy07BjjCU1omonJ,Liz Phair,Polyester Bride
458,USBAE0600940,01Vj5meFigPDXplSUjjqyw,Mahalia Jackson,I'm On My Way - Live
459,USBAE0600940,32IOI5jOM5dEvZpMTzxjtL,Rory Gallagher,Brute Force And Ignorance - Live
460,USBAE0600940,6qoIu7QQs9sB2siSfJHMcP,Chicago,"It Better End Soon (5th Movement) - Live at Carnegie Hall, New York, NY, April 5-10, 1971"
461,USBAE0600940,1pmkyJ7I9cAsIuhhyVWO3G,Anne Murray,Save The Last Dance For Me - Live
462,USBAE0600940,2vYwHpJdkBpdXzMjj9ShNi,OPM,Trucha
463,USBAE0600940,3aV9N3Nk9Lh6BgCBVTlyJV,Antonio Vivaldi,"Violin Concerto No. 2 in G Minor, RV 315 ""L'estate"": I. Allegro non molto"
464,USBAE0600940,4hTmeVgUowYuqZFvDqtlf4,Appalachian Death Ride,Blackbird Song
465,USBAE0600940,3huIKBh5uhwY6zzokYyt0f,Venom,Schizo
466,USBAE0600940,0QR2PWA0jMnJ9OXDubhLXh,Malevolent Creation,The Way of All Flesh
467,USBAE0600940,5s1JcCoc88HPLpfKKX3Hly,Emmylou Harris,Ooh Las Vegas - 2003 Remaster
468,USBAE0600940,1TvNcWY7WwPLQINhimxycA,Jimmy Eat World,Hear You Me
469,USBAE0600940,2m5ItG3IIMsaGYJjZOvUoE,Old 97's,Question
470,USBAE0600940,0t5beFIavU7uuy5536IMcD,David Byrne,Civilization
471,USBAE0600940,2CMOYBpta9CJ0IyMOAXglA,Nelly,Pretty Toes
472,USBAE0600940,5DfvrqibQOQLUsN5QKqBJI,David Bowie,Warszawa - 2017 Remaster
473,USBAE0600940,7gqdUrMvOnVP04DBJGQDXG,Cass Elliot,"Easy Come, Easy Go"
474,USBAE0600940,4VHG9AymyyJuy6KILHwCSp,The Chemical Brothers,Close Your Eyes
475,USBAE0600940,6k9P9bb84TAtsnfOQz2OCj,TRUSTcompany,Running From Me
476,USBAE0600940,6jdYwzXy5gKrX9stgWo4fg,The Art Of Noise,Born On A Sunday
477,USBAE0600940,36rqwPelmXjzZBacvrTFLu,Stéphane Grappelli,Just One Of Those Things
478,USBAE0600940,4a28DJ3z6nLnbh7pLrEKbu,Joan Armatrading,Feeling In My Heart (For You)
479,USBAE0600940,6m6A22TXUIxCCZrqcbcidx,Ben Cox,Grebe
480,USBAE0600940,6QdSHQkW0jqj3chj3usP9l,The Fiery Furnaces,My Dog Was Lost But Now He's Found
481,USBAE0600940,7mxkhAxY22HX0rVDjHhrsI,Eileen Rose,Big Dog
482,USBAE0600940,2PJJdtuRgkscVi5Yw8plXI,Ringo Starr,Oh My Lord
483,USBAE0600940,2EgG0ZHoJ0WmkcURBPvGJd,Blackmore's Night,Under a Violet Moon
484,USBAE0600940,5N14o9gsZsVyNrLiMrj94Z,Matisyahu,"Sea to Sea - Live at Stubb's, Austin, TX - February 2005"
485,USBAE0600940,5h6D2ZVKRgwP7n4DpMJlTh,Rob Thomas,Now Comes the Night
486,USBAE0600940,4dUDTOwEZDr26ZEHFGSmGj,Ryuichi Sakamoto,Plod
487,USBAE0600940,7wW0wnftQtmclRcE2i4Sns,George Strait,The Chill Of An Early Fall - Edit
488,USBAE0600940,5FNyXilyaXjiVJUg6tFcxU,Kahil El'Zabar,The Dream Merchant
489,USBAE0600940,6V51RXYPLJ9bCwgZCHPpcr,Sarah Brightman,He Doesn't See Me
490,USBAE0600940,7IyffzT1kfOLVjYq0WoYhQ,George Strait,I Know She Still Loves Me
491,USBAE0600940,3bZGw3sNQ1rQoosJzr7G2e,The Platters,Harbor Lights
492,USBAE0600940,4oKYwZud5u91p9RPtG2jzp,The Doobie Brothers,Sweet Feelin'
493,USBAE0600940,78qyQqGpycWNPtO0Uq6tdb,Toshi Reagon,Somethin' Good
494,USBAE0600940,2Jzf3Vt4olD8UyZBN2qS5H,The Beach Boys,Misirlou (Stereo)
495,USBAE0600940,0cfQjRAzkDPcblxCEvlSGd,Pyotr Ilyich Tchaikovsky,"The Nutcracker Suite, Op. 71a, TH 35: IIe. Danses caractéristiques. Danse chinoise"
496,USBAE0600940,4Po2REBRmjcjUTwheHMbSi,M83,Run Into Flowers - KG Remix
497,USBAE0600940,4PJm8VN26IlXGHoVEqa58M,India.Arie,Strength Courage & Wisdom - Snippet
498,USBAE0600940,1oUcpCvpLemOfxtwtoMykL,Ray Charles,Greenbacks
499,USBAE0600940,2U5i6duqJbdoLn4AoZfPnN,Nora O'Connor,Down Here
500,USBAE0600940,1t3DzwcbFB8Y9KN7EOSBRH,Little Bruce,89er
501,USBS50310282,1Kp8CQdGV8NbqLa2oMXzvv,Marcy Playground,Brand New Day
502,USBS50310282,2smTD9DZwzjfmTHypaDR1d,Souad Massi,Yawlidi
503,USBS50310282,38i5zDVbBEZNxnHGsto6kn,Static-X,Bled for Days
504,USBS50310282,2P7FEAVHwtVZ96oPr77kMp,Ryuichi Sakamoto,Murder
505,USBS50310282,2MVDmcqvkHv9HNZlZE36ZH,George Frideric Handel,"Giulio Cesare in Egitto, HWV 17 / Atto terzo: Sinfonia (II) - Live"
506,USBS50310282,79by8iJWSqnCUjRLB4djxc,Baby Bash,No Way Jose
507,USBS50310282,1mzACIBEYkG71Pv5ETLCMj,Thomas Tallis,"I Call and Cry to Thee, O Lord"
508,USBS50310282,0jdJQ4KiCKXPSbOBlUndTv,Enigma,Age Of Loneliness
509,USBS50310282,1ZclZBYbfU6dH8IAsj9v9e,Jefferson Airplane,"Watch Her Ride - Live at the Fillmore West, San Francisco, CA - October 1968"
510,USBS50310282,5FsbaivN0IoNSBKo3FG0kP,Frederick Loewe,I Could Have Danced All Night - Extended version
511,USBS50310282,1Nkz6kigdWRONBu6aRc2Fi,Jimmy Somerville,Eve
512,USBS50310282,1qwUlfaokq9vlWPApHT1d6,Josh Rouse,My Love Has Gone
513,USBS50310282,0R1Aka9yPdasg8cfvv2IPC,Marc Bonilla,Knife Edge
514,USBS50310282,5TDZyWDfbQFQJabbPwImVY,Fleetwood Mac,Dreams - 2004 Remaster
515,USBS50310282,77IXWUGSZluK8ZP150IOwG,Dominic Harlan,Grey Clouds
516,USBS50310282,0Wt6EY0EK0OEvrVJdi45Y1,Frédéric Chopin,"Four Mazurkas, Op. 17: III. Legato assai"
517,USBS50310282,11qmuUlW5q5diLiVSOlsSF,Ambrosia,You're the Only Woman - You & I
518,USBS50310282,5tXrETFfbMA1q6tgP7aSwz,Jamie Cullum,I'm Glad There Is You
519,USBS50310282,5ElLKBKIMesxfClSzTP00D,George Frideric Handel,"Giulio Cesare in Egitto, HWV 17 / Atto secondo: Recitativo ""Ecco in tutto perduta"" - Live"
520,USBS50310282,607eDozu8el8ToXjZ8uNN1,Lyn Collins,Never Gonna Give You Up
521,USBS50310282,2Cj2mLt4aPKH8ZyCo5i79P,New York Voices,Answered Prayers (E De Deus)
522,USBS50310282,4m1Hnit20ZHJEfrQlfv2np,En Vogue,Whatever Will Be Will Be
523,USBS50310282,4IOXswCGR4MIfVIv2JuXjX,Camille Saint-Saëns,"Danse macabre, Op. 40, R. 171"
524,USBS50310282,3NcJu9876GBJuNU6vJOrbb,Nina Simone,I Want a Little Sugar In My Bowl
525,USBS50310282,6o9wef2QadauIDDQLA5IGz,Nena,Rette mich
526,USBS50310282,6dy23IgPvA9UKwirjbLSBv,Cast - The Nightmare Before Christmas,Jack's Obsession
527,USBS50310282,5Zzx6jZHupZ1AJsEseJvMI,Eminem,My 1st Single
528,USBS50310282,4l37argApgn50oL7EMb4qH,Ricky Ian Gordon,Dream Variations
529,USBS50310282,5nLE2xzNkPewNp0PpUSnVB,The Contours,Can You Do It
530,USBS50310282,2OhZ7z0LwACA5mi1t8vuxx,Sonny Boy Williamson II,Checkin' Up On My Baby - Single Version
531,USBS50310282,35WjWVaGGmA6RU0kgyOxZ6,Stevie Wonder,Joy Inside My Tears
532,USBS50310282,5KNJ2qBD92lNfdcdcHmzEY,Linkin Park,Session
533,USBS50310282,2sVoh3FipbOHLRoikvBSdh,Chicago,Must Have Been Crazy - 2003 Remaster
534,USBS50310282,4yrqHxAUBDU6Uwrcn3oVo9,Jaylib,Champion Sound
535,USBS50310282,66bEUhwJR54iU75591qeRt,Sue Foley,Here Comes The Sun
536,USBS50310282,0KfuNfBCVtzIWdoCmsZoJ8,Descendents,One More Day
537,USBS50310282,75An2pCwnAgwUwt3JnHqYc,Afrika Bambaataa,Who You Funkin' With?
538,USBS50310282,4O9SwZDDVCUrZAW9gnMWCh,I Am Kloot,Untitled #1
539,USBS50310282,7fkjxOnlfspDLdJe4gYq8P,Dionne Warwick,"10,000 Words"
540,USBS50310282,5NS2A4JYWEINqBeUt3uMrm,Ministry & Co-Conspirators,Lady Lady Lay
541,USBS50310282,5ZdJFf2UjzXbB75fLMN8QR,Joseph Haydn,"Symphony No. 98 in B-flat Major, Hob.I:98: 3. Menuetto (Allegro)"
542,USBS50310282,5iz29ibPm87Mw60l0Z51GJ,Marvin Gaye,Theme From Trouble Man
543,USBS50310282,7tyvqTqojfwpIaghLg875q,Type O Negative,How Could She?
544,USBS50310282,0VU0Nh4hOpJ9InWzwXEoCT,Blutengel,Navigator - Remixed by Noxx/Rilinger
545,USBS50310282,1TE4S9kqvml9o8JpPR8kBf,Pat Benatar,We Live For Love
546,USBS50310282,1DHih8nn3iluSQJaibFS6f,Judas Priest,Devil Digger
547,USBS50310282,627cFibzt6llRl8tbSaP6R,Jonah Smith,Tone (Intro)
548,USBS50310282,2e62rpQnEaVoQHWltXWDVV,Jackson Browne,Don't You Want to Be There
549,USBS50310282,08WX2qTh1esxN2B6WPXs2R,In Flames,In Search for I
550,USBS50310282,05mzctclS0ZqqTLEiDIGkt,Bachman-Turner Overdrive,Roll On Down The Highway
551,USBS50310282,0igu44bJE8y6oZpRyDRB08,Jaci Velasquez,Supernatural
552,USBS50310282,5aivQ5CkXXHJoMLy0o92HL,Sam Cooke,You Send Me
553,USBS50310282,27hZ9T6CCSZCcirwEzCMVW,Bob James,Swingset
554,USBS50310282,3cb3ilVVVMSQ7D7EETAnmi,Alice Cooper,It's Me
555,USBS50310282,78rqwvlajaIeGHsBZDalHu,Tanya Savory,Reason Enough
556,USBS50310282,6i2q0CyFDYsa4dMYzMxFL9,Télépopmusik,Yesterday Was A Lie
557,USBS50310282,2mKHl6f0PWc7cDmbA9FITM,Brian Eno,"Deep Blue Day - From ""Trainspotting"""
558,USBS50310282,0abAqK0d8yGCge0ZLviiaz,Billy Bragg,She Came Along To Me
559,USBS50310282,3kiveNPudoIJnpGngFXJjw,14 Iced Bears,Sure To See
560,USBS50310282,7HiCcbCUj5KmyM1vsfIUlO,R.E.M.,Texarkana
561,USBS50310282,0qOkHfSClduvkvGk6fCu8l,The O'Jays,Now That We Found Love
562,USBS50310282,1p6QemmEQ6a8qorw6lWTK2,Paula Cole,Free
563,USBS50310282,3JdbV0e2kWNVELwgZ4GWqy,Rocket From The Crypt,Lipstick
564,USBS50310282,34swq35skTUg0wNhdzEhuR,Diary Of Dreams,Day-X-Relic
565,USBS50310282,1oduMfPWqaeV6oBkT5QhnK,Malevolent Creation,Genetic Affliction
566,USBS50310282,6JLkfVPZYvrc2FJRaFuzLn,Watch It Burn,Radio Pollution
567,USBS50310282,6smbL4VIvIlKK2RKULtGEb,Deep Purple,The Mule - Drum Solo; Live
568,USBS50310282,2i1xvAxSjBATmM0eTC3znH,Reigning Sound,Straight Shooter
569,USBS50310282,3k7ji5WECpl6cPNxGjqMDa,Dave Matthews Band,"Two Step - Live at Folsom Field, Boulder, CO - July 2001"
570,USBS50310282,2U4pAn7PCovxHsCl2MvJou,Aisha Duo,Wind
571,USBS50310282,6J1sxaRmlhqYMx9REYEyi0,Dark Tranquillity,Monochromatic Stains - remastered version 2009
572,USBS50310282,1gAaRSN57UYVRI4eWRyAvP,Linkin Park,Pushing Me Away
573,USBS50310282,6kPMLRMHRescGyIptdBi9w,Gord Downie,Trick Rider
574,USBS50310282,7puypZCFeyJANyN1kfMPP8,Deicide,They Are the Children of the Underworld
575,USBS50310282,7rRLVR3QZOGPkNckz4DSAc,Alien Ant Farm,Calico
576,USBS50310282,3ymzmcWmzNRXsy3CPFPDha,Dolly Parton,Daddy's Moonshine Still
577,USBS50310282,3XqnFP02i6DCTnStUYRIdM,Al Johnson,I'm Back for More
578,USBS50310282,7gZoL9Acu8eTo3ngmKbfm7,Nitty Gritty Dirt Band,There Is A Time
579,USBS50310282,12kwtC8jArWe7WDl30k9Fm,Deep Purple,Call Of The Wild
580,USBS50310282,1e9TbBJuD8zVOgA9rq41cr,The Kills,Rodeo Town
581,USBS50310282,0ZRU3O6kVY8CgtYFYwjH4m,t.A.T.u.,All The Things She Said
582,USBS50310282,4JIfgJkxaWu9I2gdNR3wi5,Opeth,The Baying of the Hounds
583,USBS50310282,3537ctBVaCefYh0r3DpNkC,Deee-Lite,Good Beat
584,USBS50310282,6PBLnKwQDdJ2ywba7pveIx,The Rock*A*Teens,That Day Is Today
585,USBS50310282,1POSsuCfBi06cpQ6xsh2xH,Fiorello,Tu Vuo' Fa L'Americano - Vocal
586,USBS50310282,6otiaV2fagE3s8IvP6WkwG,Simple Plan,I'm Just a Kid
587,USBS50310282,62Bo7OepRYgVhSp8lmE95U,Sorten Muld,Bonden Og Elverpigen
588,USBS50310282,1EllHpog3ixgD76QnidrMC,Charles Mingus,Eat That Chicken
589,USBS50310282,57DTiNUe6KF9H2Zh1Bloy6,Gentle Giant,Give It Back - 2012 Remaster
590,USBS50310282,3FNOGabABzedvOb3B24M64,Alice Cooper,He's Back (The Man Behind The Mask)
591,USBS50310282,6DWbShPlQrXX69FO4ptdSa,Thomas Tallis,In jejunio et fletu
592,USBS50310282,4BRamgDPbtkD4Mw1WyTaYb,Mis-Teeq,One Night Stand - StarGate Radio Edit
593,USBS50310282,3xsN1f5eK8kH9vopyGMmi5,P$C,Coming Down (Without Sample)
594,USBS50310282,0K2OELwNYA4ap2aJi4YcZo,George Benson,White Rabbit
595,USBS50310282,0tygSAo46Mcyerko545AoA,Saul Williams,La La La
596,USBS50310282,0Z2tPNsWY0pFyalLFxhYbv,Don Davis,The Road to Sourceville
597,USBS50310282,5ibTE8PM3qgdxOwf6Oja7p,Rehab,So Dizzy
598,USBS50310282,4PNT5AKGYmOGEUrtbRW3em,Eternal,Power of a Woman
599,USBS50310282,1YizzPZvXGpHTJ7IzOWrLN,Barry Manilow,One Man In A Spotlight
600,USBS50310282,3ao94eFGJKdAGjNcrGLyx5,Death Cab for Cutie,Expo '86
601,GBAJE6500031,3r2A0MuSWCBrHyx4hyCO01,King Diamond,Twilight Symphony
602,GBAJE6500031,6H0SL71MhyfV8zUEFtREYH,Nick Cave & The Bad Seeds,Abattoir Blues
603,GBAJE6500031,3kDzjRjg2wCGiDXPzUQCR5,Marilyn Manson,Get Your Gunn - Live Version (Explicit)
604,GBAJE6500031,6IRA4KOVbtiGiTdYoEThJN,Jacques Brel,Ne me quitte pas
605,GBAJE6500031,3mlJHJ0gLRtic1nKANpRGy,Killah Priest,Intro
606,GBAJE6500031,0vPtwmb8zBvcmOkPA8EWDN,Kings of Convenience,Live Long
607,GBAJE6500031,1GMGnMOnYFumU8kNe7YaYQ,Beats International,Dub Be Good To Me
608,GBAJE6500031,4czFKp1KhHIlZtbNEKHGJf,Electric Light Orchestra,Danger Ahead
609,GBAJE6500031,2a8DzBHDCWV2hLfEHjs6fc,Aaron Carter,She Wants Me (feat. Nick Carter)
610,GBAJE6500031,2kkK7UgysvEur0uch8jmjX,Frank Klepacki,Run
611,GBAJE6500031,79Sw1Fme2u0HNKHq9TDh7T,Old Man's Child,Thy Servant
612,GBAJE6500031,5mYmMo18JymoYgNoM3EYB6,Holly Cole Trio,Blame It On My Youth
613,GBAJE6500031,0d1QUihji8kV6B3W0eLQyd,Pete Seeger,"Swing Low, Sweet Chariot"
614,GBAJE6500031,6WOK3oN7RAZcmaKFVEosxb,L'Altra,Broken Mouths
615,GBAJE6500031,4ilhAiU52ZiHlfmQbmfhWq,Jean-Michel Jarre,Fourth Rendez-Vous
616,GBAJE6500031,1qNNkhtGBAWWXSqev8fpNN,Moxy Früvous,The Ballad of Cedric...
617,GBAJE6500031,28VcnL5NwlPm2m2Uc4o0OA,Buckethead,All in the Waiting
618,GBAJE6500031,3Bd4ZXi9ugJEsfQ5Jtz36I,Articles Of Faith,Prison
619,GBAJE6500031,1icygp76kVbs429RikF0jJ,P!nk,You Make Me Sick - Radio Mix
620,GBAJE6500031,26Aw0QpMFdxghsuyRsPwGA,Starflyer 59,The Fashion Focus
621,GBAJE6500031,4vbRmFbSfXZDMOHNUtK4KI,Slum Village,Harmony
622,GBAJE6500031,0k9Wwy6aIqfbuUmTMnrDut,Eleventh Dream Day,Watching the Candles Burn
623,GBAJE6500031,254rE47plB2U1W6pzDbLYg,John Williams,Hook-Napped
624,GBAJE6500031,6hWzLp9Uj5N34OsxWWeHUa,Dean Martin,"Let It Snow, Let It Snow, Let It Snow - Capitol Version / Remastered 1998"
625,GBAJE6500031,1yK54IoCLLYJEiXqnMm1i9,Chapter 13,The Rebirth
626,GBAJE6500031,6T6jcsxetZv7uSdikkxlXh,Nile,Defiling the Gates of Ishtar
627,GBAJE6500031,4OYKArTHgc77eUyJQUV3NU,WWE,Right Now
628,GBAJE6500031,0kWiRMDPaFMq2pQR7ds3y3,Kim Waters,Giving You The Best That I Got
629,GBAJE6500031,78TUbKW92ks9VOnB623s9d,Eric B. & Rakim,The R
630,GBAJE6500031,7cMQPvEEDqKRHzyYkJR3QY,Europe,Ninja
631,GBAJE6500031,2SsuX2aIn5sMHb971EJZ9f,People Under The Stairs,The Turndown (Ft. Assault)
632,GBAJE6500031,6ZEAXknmx2mrO3KgcDNpFI,Wham!,Wake Me Up Before You Go-Go
633,GBAJE6500031,1PwUEEPRpFWEKDQBuUmXaR,Kelly Hogan,I Don't Believe In You
634,GBAJE6500031,2hHjcylx9hlwfylrFmk6w1,Roger Waters,"Another Brick In the Wall, Pt. 2 - Live"
635,GBAJE6500031,5owlqzop7WscxjowZs0yJF,Wyclef Jean,Where Fugees At?
636,GBAJE6500031,0mRwaJo6AGGO17UYnWv9Uk,Lida Husik,Ice It
637,GBAJE6500031,1bWfJGVzWWfSyk9fGAbyzC,Bessie Jones,Riley
638,GBAJE6500031,31AI3yOmN5LKxNQtMSpz1E,James Caan,It's Only A Paper Moon / I Like Her
639,GBAJE6500031,3mv3V9Ed2tgb3voqeuUAYI,Sepultura,Breed Apart
640,GBAJE6500031,0dGfpnQtf1yw0ktC7yFl8b,Nickel Creek,The Fox
641,GBAJE6500031,0J1FK6Y45lzwmNBffjFPWR,Bowling For Soup,Sucker Punch
642,GBAJE6500031,46Ut6hhhBS30hUvV3outYw,Fatboy Slim,Love Life
643,GBAJE6500031,0kxTB37OhoEqtHLkMFNMcr,Isadar,Compulsive Anxiety
644,GBAJE6500031,650M98AP1WgRo1jJ0snmoI,Luther Vandross,Take You Out - Radio Edit
645,GBAJE6500031,2nVdLVh83n0HJjkOCZyuyP,Franz Liszt,"Années de pèlerinage: 2ème année: Italie, S.161: 4. Sonetto 47 del Petrarca"
646,GBAJE6500031,2OCr6iAGslZkjuk8VTpAbe,Red Hot Chili Peppers,Behind The Sun
647,GBAJE6500031,0CiswloEaHL7MTZBtzlnVj,The Yardbirds,I Wish You Would
648,GBAJE6500031,4xqyeRkHLwHfHnKq1Hwvfh,Yolanda Del Rio,Se Me Olvidó Otra Vez
649,GBAJE6500031,2urMIG2y7CsnH206CxykV0,Mary Costa,"Once Upon a Dream - From ""Sleeping Beauty"" / Soundtrack Version"
650,GBAJE6500031,4Om43zRNP0qM5mqGOv45wx,Everything But The Girl,Blame - Fabio Remix
651,GBAJE6500031,5XXNwf98jhyQ6ZgKnW2wFs,Prince Paul,Macula's Theory
652,GBAJE6500031,56n7xjncKs9RInEHAmjtco,Bill Withers,I Don't Want You on My Mind
653,GBAJE6500031,4jCGjXvKRjPgRZLfx0tf00,Paul Simon,Stranded in a Limosine
654,GBAJE6500031,5bmoxC4K2qxvdsi9Td8yQU,They Might Be Giants,Nightgown of the Sullen Moon
655,GBAJE6500031,3l4nQQxJ4itzs0RUBMZW0l,Hootie & The Blowfish,Autumn Jones
656,GBAJE6500031,7CHIaiDYDZE2jcKG0LOvSV,Scrapper Blackwell,Kokomo Blues
657,GBAJE6500031,67RONZRnoxw1r76h1sg3w0,John Williams,Encounter In London And Bomb Malfunctions
658,GBAJE6500031,6YvTdIwa0ziWuys1FKk6Uo,The Vines,Country Yard
659,GBAJE6500031,4QXKEp572tKOJ8wqAjZDtx,So Many Dynamos,A State Without a Springfield
660,GBAJE6500031,7KjFiDIh117Z2e9EMzZ4oy,Fela Kuti,It's Highlife Time
661,GBAJE6500031,6dKs1XkrH45lZXPd7qv562,AYA,Sean - Mig's Salted Vocal
662,GBAJE6500031,5r2z0FHOoFI06GZEVGDjzM,Squeeze,Tempted
663,GBAJE6500031,7AbvMqhMrELtS5OxbcMoae,Matt Pond PA,It Becomes Night
664,GBAJE6500031,01pxMZFQCzW89CaIYTeid6,Gustav Mahler,"Symphony No. 7: I. Langsam - Allegro risoluto, ma non troppo - Live at Philharmonie, Berlin, 2001"
665,GBAJE6500031,2tkwB7xRS4TMq31Lxrw0zh,Eddie Money,I Wanna Go Back
666,GBAJE6500031,4gXdMZkBN1neE9nX6yRALa,Eminem,Ass Like That
667,GBAJE6500031,7HLv5KBenYD2p5EUUm0ESd,Prem Joshua,Darbari NYC (Diamond Turban Remix)
668,GBAJE6500031,2FBCZTYjezJJMy8JBDSdLA,Tech N9ne,Victory
669,GBAJE6500031,6hzWNxjwhsYZh6qE7cYbhU,Nobuo Uematsu,Another Moon
670,GBAJE6500031,1GLnM2xHIG9DdLGESEEA6n,Bremer/McCoy,She's Alive
671,GBAJE6500031,5jA27SGeRHnkp2t9dqr2UI,Stephen Warbeck,The Train - Instrumental
672,GBAJE6500031,2d0HlQFfqovCsMubr1pU3u,Noam Chomsky,Globalization
673,GBAJE6500031,04rI5MLSPLU7fIYx7Egk5G,Mike Bloomfield,Killing Floor
674,GBAJE6500031,6mu9Fpf9RSNQUYmdcaloc4,Blutengel,Our Time
675,GBAJE6500031,2Yq3tHP4hUu1A9IL5BPRaN,Los Fabulosos Cadillacs,Noches Arabes
676,GBAJE6500031,6DxZJaQ0i1UWwubhJQAvSy,The Offspring,All I Want - Live
677,GBAJE6500031,7842b4KXUkK2L5oiONAEoZ,Metro Area,Piña
678,GBAJE6500031,6eSy6PqtCMSS1zNLCJJn4z,Diddy,I Need a Girl (To Bella)
679,GBAJE6500031,2LWNOARDSeP7XA2ZNfVFeS,Mastodon,Ol'e Nessie
680,GBAJE6500031,2hl8MGoJ9BmGJJ9gLmyccz,Manish Vyas,Habibi
681,GBAJE6500031,5kv098OiublAmLIjVCQ9Wg,The Cranberries,Carry On
682,GBAJE6500031,1opiEyIzCPUG6ZcusaO5r6,Amethystium,Break of Dawn
683,GBAJE6500031,3J8VYy4AukNEyQnaRnBMjZ,Cannibal Corpse,Addicted to Vaginal Skin
684,GBAJE6500031,3Asv1oDcVVKuOS3zeECRcp,2003,Light of 1000 Angels
685,GBAJE6500031,6jmMhrfctsPcpeBWbhGirC,Bon Jovi,Taking It Back
686,GBAJE6500031,4CtupKU5MPlUP9uM84pfJn,Béla Bartók,"Hungarian Sketches, Sz. 97: 4. Slightly Tipsy"
687,GBAJE6500031,3DR4Y0dmiAYALYfO74LBSn,The Casket Lottery,One Trick Pony
688,GBAJE6500031,5msn1Xe7xSbb7CBONE5fYZ,Moby,"Feeling So Real - 7"" Edit"
689,GBAJE6500031,3n69qfxKqqeH9oPgv6vm2O,Neil Diamond,High Rolling Man
690,GBAJE6500031,5hfdcoFKcrLSbhuD6u8lJu,KMFDM,Material Girl
691,GBAJE6500031,1FWIlcATRGvq2b7A4R0hXq,Robert John,The Lion Sleeps Tonight
692,GBAJE6500031,5dPJZVSIYn708cebEhInvT,The Specials,Holiday Fortnight - 2015 Remaster
693,GBAJE6500031,1iZFiLd1FrVNp1PjC58bnf,A Frames,Memoranda
694,GBAJE6500031,1VEnXg9WSFjkqhe9ma8LE0,Rod Stewart,Crazy She Calls Me
695,GBAJE6500031,1lJGpOpbouFQyDtQuTOv8t,Gavin DeGraw,(Nice to Meet You) Anyway
696,GBAJE6500031,5WmispHcDWM4tVJeaphKXB,Music Together,"Goodbye, So Long, Farewell"
697,GBAJE6500031,2f8v3B3C5N9Wvbp3IOqhGi,Princess Superstar,World Council Entertainment Dicktatorship
698,GBAJE6500031,6nWm36HS2LHQOyu1invfa5,Twisted Sister,Kill or Be Killed
699,GBAJE6500031,4MexO1G9TadTu0yWDB3T7Q,The Isley Brothers,"That Lady (Part 1 & 2) - Ahmir ""?uest Love"" Thompson"
700,GBAJE6500031,3sOd0B3QxodEWgLhw9Up2m,The Kinks,You Can't Win
701,NLA320581191,607LjwsiwA297ulSTYatnR,Jeff Buckley,She Is Free
702,NLA320581191,4RgCJzg9bYR3uSkcZSzywB,Lacuna Coil,My Wings
703,NLA320581191,7r4VFMrnAWgRiahtibGgA1,The Chieftains,Jabadaw - Dance from Breton Cornwall
704,NLA320581191,3BCc9IBNop02KhgZZxbt7Q,Dee Snider,Crazy Train
705,NLA320581191,145IdgzmeONmQKvOx9aTAw,The Shirelles,Tonight's The Night
706,NLA320581191,5B9hrw62aUYE5yRnnzMfMP,Supertramp,If Everyone Was Listening
707,NLA320581191,5t09SnxOR2AelOghumKkXO,Stereo MC's,Connected
708,NLA320581191,0E3vXSl6udB5TO9zToMhcY,Bette Midler,Happiness Is A Thing Called Joe
709,NLA320581191,4JmhMDxV7wbaGf5trP228T,Swizz Beatz,Alien - Interlude
710,NLA320581191,0o9qjjNWSn1nTq2VLx4GDz,The Casket Lottery,Vista Point
711,NLA320581191,1vH07RxwPl0JW8abGnSDEG,Burning Spear,Black Soul
712,NLA320581191,6zgCycfVETCfk2TNY7Othq,Ratatat,Cherry
713,NLA320581191,16aDuAbFzKp2HihUZiSPID,Alexander Borodin,Symphony No. 2 in B Minor: Allegro
714,NLA320581191,3EzaTcwWBqZFXWmA630oRl,The Pierces,Tonight
715,NLA320581191,1C4b2NM9ViU7PbCIA2PLVT,Shakira,Estoy Aquí - En Vivo
716,NLA320581191,7JMgZlXvsm3RV6ZDq0DYvW,System Of A Down,Snowblind
717,NLA320581191,0EfGafX4BCPROSPSvT0RVU,G. Love & Special Sauce,Hopeless Case
718,NLA320581191,2IRrmMVmjvWQjJGY8LNuk5,Rihanna,The Last Time
719,NLA320581191,3NMTUOJlNXZeYE0ZHqVaCS,Black Tambourine,Can't Explain
720,NLA320581191,49loNTutwEWsaeiip3791g,Lilys,Won't Make You (Sleepy)
721,NLA320581191,6iaIGP2wLOLrwQ06fKAfP5,Kompressor,Adding Up Numbers
722,NLA320581191,0G7QsPYzbLQvpyGv9LdEg8,The Killers,Mr. Brightside - Jacques Lu Cont's Thin White Duke Short Version
723,NLA320581191,1KqIIrlCaL5CWOazUL6KKG,Joel Goldsmith,Stargate SG-1: End Credits
724,NLA320581191,6bcBAzDTeiRo4SZX6yAQgs,Joe Cocker,Summer In the City
725,NLA320581191,7a8c39Lm9WIUBG20g7Zddb,Kings of Convenience,The Passenger
726,NLA320581191,6llDwsYtkw1OOvgvy8DAS7,The Doc Watson Family,The Old Man Below
727,NLA320581191,1ui8xolqgxZ7xviHEDCeBz,David Poe,Love Won't Last The Afternoon (Lullaby)
728,NLA320581191,3TDbmiyFTL9njaQdgemgzu,Dokken,"Unchain the Night (Live at Kosei Nenkin Hall, Tokyo)"
729,NLA320581191,7a6ePvtFUoBnQ6su8NJiMB,Danny Elfman,Roxie's Suite
730,NLA320581191,5lIYJccgAxhdLlKrSolGyz,Wolfgang Amadeus Mozart,"Symphony No. 40 In G Minor, K.550: 4. Finale (Allegro assai)"
731,NLA320581191,038hfM6c5sxoeFyXTHQsVD,Run–D.M.C.,Livin' In The City
732,NLA320581191,31PZeSOS3prg5vt0cEaCXW,Gaelic Storm,Walk Through My Door
733,NLA320581191,0Y3dGqZQ02MpfZLAz9tfkT,Hot Snakes,LAX
734,NLA320581191,28LyNuPqj1wE4xQQGAJOhy,"Lee ""Scratch"" Perry",Mr. Dino Koosh Rock
735,NLA320581191,4IHEOKSPSnPzjKxBktZ4J7,Men Without Hats,Pop Goes The World
736,NLA320581191,317Gan322TdqOkt20YcncE,Judy Garland,"""I'm Quitting The Band...""/(The Man That Got Away)(partial outtake) - Previously Unreleased Version"
737,NLA320581191,2i8CTpkGmiHS9S9rRHDQZE,Half-Handed Cloud,"Worlds in Speech, Now in Reach!"
738,NLA320581191,3zCdPv5bz2FYaJE9lAJ1E1,Five Iron Frenzy,Litmus
739,NLA320581191,0KFuXEdOp5QfIfxHR6TJSm,Beyoncé,Dangerously In Love
740,NLA320581191,6C8EpSWYf0uvOZEtR6ZKYM,Aesop Rock,Fast Cars
741,NLA320581191,50JK22El2PTIzZBU2liLDI,U2,Mysterious Ways
742,NLA320581191,5Bh92AUt87SSZXj1hepD2L,Hoven Droven,Syen
743,NLA320581191,0L1S8G9IuCssiPQgr0uEBo,Herbie Hancock,The Man I Love
744,NLA320581191,11iQBzMEpZ4CHKYF4ZYk7E,Rey Ruiz,Mi Tentación - Versión Pop
745,NLA320581191,1eQNHLMYtDFuC58a5Z3bIN,The Notorious B.I.G.,Another (feat. Lil' Kim) - 2014 Remaster
746,NLA320581191,4AYAU5l3vp7lTQn9Wx6Mxa,Boise Cover Band,Ta Magia Sto Pegadi
747,NLA320581191,4uuaWqiXl75xlDmb2d7QIn,Ice Cube,Lil Ass Gee - Remastered
748,NLA320581191,3zpstNULmsqvONhp3O9nTC,The Waitresses,A Girl's Gotta Do
749,NLA320581191,3HABX2EBi188Rn3Yd0OSIc,Jeff Beck,Plynth (Water Down the Drain)
750,NLA320581191,128KzRJtXL7AkjyIY1hZnA,Ludwig van Beethoven,"Symphony No. 3 in E-Flat Major, Op. 55 ""Eroica"": IV. Finale. Allegro molto"
751,NLA320581191,6M33HiUHLC3R3gfXYNGMAy,Trina,Pull Over
752,NLA320581191,4dn58p6v1nrdpR5equsDLC,Relient K,Kids on the Street
753,NLA320581191,5ji2gjrQ4myyPHm81gD3nm,Tsuneo Imahori,16% of humidity
754,NLA320581191,0WiEQyvAgO60xdbqTYeLRF,Gary Wilson,And Then I Kissed Your Lips
755,NLA320581191,67f7d1A8mnLQAp2oZRmZbt,Sentenced,Lower the Flags
756,NLA320581191,2gaALAQJNNtFkE2Tu2kzuS,Mary J. Blige,Mary Jane (All Night Long) - Live
757,NLA320581191,6ljVV9nmTuIogEP8RuEVk1,The Rubinoos,Grey On Grey (Bonus Track)
758,NLA320581191,2aKKTjiuEOCoVlz4q4eQpG,Tan Dun,In the Old Temple
759,NLA320581191,2hZV8Lvpns4GXMwf9sxvzA,Giuseppe Tartini,"Sonata for Violin and Continuo in G Minor, B. g5 - ""Il trillo del diavolo"": IV. Allegro assai - Live"
760,NLA320581191,6JVxl0hDM6MeTQXYfaLvYt,Alice Cooper,Is Anyone Home?
761,NLA320581191,4s4praRnpfw8Mf8JotSaVH,Pantera,Revolution Is My Name - 2020 Remaster
762,NLA320581191,6d4B82vt7pjdzumBmV6HiZ,Bob Marley & The Wailers,Real Situation
763,NLA320581191,1ZAaZqoqNTEJzPa7ydDMHd,The Lilly Brothers & Don Stover,"Sinner, You Better Get Ready"
764,NLA320581191,1LkZI3UG6JtA4qoMqLFEeX,Starflyer 59,When You Feel The Mess - Gold Album Version
765,NLA320581191,3oHvs2QMCAsCc49IXW72gK,Avalon,I'm Speechless
766,NLA320581191,01hKoZ00HASFx5vwHOsh0K,Tuck & Patti,Europa
767,NLA320581191,1gYQL1L96Kno5kB5R0CeK8,Agustín Lara,Pobre de Mí
768,NLA320581191,5W1MsqXryoDaDs3PmDLc48,The McCluskey Brothers,Fever Pitch
769,NLA320581191,4Xni9JrKWzIurYrZOFZKQH,A Flock Of Seagulls,Space Age Love Song (Re-Recorded)
770,NLA320581191,11xCHLPvBrYsaM8krBeg4a,Faith No More,Chinese Arithmetic
771,NLA320581191,5CWr8jNHwamLkP5KUi3Duv,Phish,Fluffhead
772,NLA320581191,3CkopQ1dNbKfqQdVHBLv9e,Linkin Park,From the Inside
773,NLA320581191,5UhWD2lwvZgko8uVEICN5r,Tony Bennett,I Left My Heart in San Francisco
774,NLA320581191,0i1sZjMJwmX7p1dpaYRuSC,Hatebreed,Outro
775,NLA320581191,2A41JJmcG6IgK9jqRKk5pj,George Harrison,Thanks for the Pepperoni (2014 Remaster)
776,NLA320581191,6PqLroacFtPK59TkT43S9N,John Prine,I Know One (feat. Emmylou Harris)
777,NLA320581191,7GhEPuOeChh3yiR8tliREH,Liz Durrett,Lull
778,NLA320581191,6agJQCy2kmInThIbQZzYqX,America,High In The City
779,NLA320581191,71LPN8pxnKJv7dNkraYSgQ,Mark O'Connor,The American Seasons (Seasons of an American Life) for violin and orchestra: Fall
780,NLA320581191,5FANF6p3ybsC37cq3ZTsaY,Sergei Rachmaninoff,"Vocalise (From ""14 Romances, Op. 34"")"
781,NLA320581191,5QVpMPfxKZIzy025YCnTmP,Joseph Diamond,Broken Heart
782,NLA320581191,43U1bCDTZAhhY1Y8mCkTG4,M,Pop Muzik (12 Inch Version)
783,NLA320581191,7kvAetxudeinp8B1E5uvE7,Noam Chomsky,Get Lost
784,NLA320581191,3nV0XMDOHWUdY4tvnN64Zv,Johnny Mathis,A Baby's Born
785,NLA320581191,67Vv9F4fRB3m4O4j6KFh6Z,Pyotr Ilyich Tchaikovsky,"The Sleeping Beauty, Op. 66, TH.13 / Act 2: 13b. Farandole: Danse (Tempo di Mazurka)"
786,NLA320581191,3YlXej5RvgluAbhBs3YCtn,DJ Spooky,Hologrammic Dub
787,NLA320581191,2kMM5neKewhNCHlTXCk4Fp,Strawberry Alarm Clock,Birds In My Tree
788,NLA320581191,4zhqNuNTluaOsP0I6RS3L4,Ludwig van Beethoven,"Symphony No. 6 in F Major, Op. 68 - ""Pastoral"": II. Szene am Bach. Andante molto mosso"
789,NLA320581191,7F1LVG24vhbESQOPgqWDVC,The Rolling Stones,Sympathy For The Devil - Fatboy Slim Radio Mix
790,NLA320581191,5ZSn6nGqKpeSuRykSEG9m3,Arnold,Face
791,NLA320581191,1WYokrkFOb9TFVuTrmxTTt,Eagles,Tequila Sunrise - 2013 Remaster
792,NLA320581191,3SfcWbGt2HmE5YmhiAKR2T,Versus,The Spell You're Under
793,NLA320581191,3efO2oVo5ANpk2PYkx7m3j,Building 429,The Space In Between Us
794,NLA320581191,6DfbBrWh1TYhS9MVEX5TuK,Gwen Guthrie,Is This Love
795,NLA320581191,1AL8ay5GNI6cWeOzZl8NoD,Nas,Life We Chose
796,NLA320581191,07jKCfRXKWlyKRnVruxEzx,X-Ecutioners,Play That Beat
797,NLA320581191,1aAMGqrrTmZehtG92Cvplm,Orchestral Manoeuvres In The Dark,The Romance Of The Telescope - 2003 Digital Remaster
798,NLA320581191,7C2uPkVi6Ph65PB32DoWjm,B.B. King,"Hummingbird - Live At Sankei Hall, Tokyo, Japan/1971"
799,NLA320581191,5ekXtOqlw8nM2R7xH1Xsio,Sister Souble Happiness,Dark Heart
800,NLA320581191,4NB7DMcdLhZwHIEsmHyXCk,Soulfly,Bleak
801,USMTD0462304,5dd5jvcUTWU4oksugr6ogU,Blue Man Group,Time to Start
802,USMTD0462304,238X4qkN0C4RJyrV3eppnI,Red Sparowes,"The Sixth Extinction Crept Up Slowly, Like The Sunlight Through The Shutters, As We Looked Back In Regret"
803,USMTD0462304,6EG0z5llZcMuO8Bnm8ahUT,Glis,Break Away - Mix
804,USMTD0462304,4YlNHvZTBAgoS6m6lJU2tU,Roxette,Listen to Your Heart - Swedish Single Edit
805,USMTD0462304,7m4OJ1m3g5xoOlJWL1ubdj,Duran Duran,Hungry Like the Wolf - 2001 Remaster
806,USMTD0462304,0Xi0D3xPsd8ZHl5f36p9i3,Handsome Boy Modeling School,Waterworld
807,USMTD0462304,6W21LNLz9Sw7sUSNWMSHRu,Korn,Freak On a Leash
808,USMTD0462304,75YP1Dz3jz2dMQTZDkF1gv,Fu Manchu,Free And Easy (Summer Girls)
809,USMTD0462304,1kIvKz1NSBfyAssEY0nxt3,Shortstack,El Saboteur
810,USMTD0462304,6Qnm9hMV3rutQNd9G5yAoH,José Alfredo Jimenez,Cuesta Abajo
811,USMTD0462304,2GYdBtYNNUp3joxDoYrPwx,The Blood Brothers,Crimes
812,USMTD0462304,72ZOK8lrc8kMCPy5BHz1Zq,Silversun Pickups,Creation Lake
813,USMTD0462304,4OF0dT9o0xm1E0O4QA4UOM,Shawn Colvin,The Christ Child's Lullaby
814,USMTD0462304,460gRGQCKIBKhJR1aTt2BG,Robert Palmer,Addicted To Love - Remix
815,USMTD0462304,1jzcnvvgOGl4FPSKsmwQ0H,Thelonious Monster,The Iggy Stooge Song
816,USMTD0462304,5A8rNSVqQsFLhyJeu3kdaT,Blue Öyster Cult,Mommy - 'Secret Treaties' outtake - 1973
817,USMTD0462304,4XTD99paPu2Xf1Dsum2omh,Cher,Make The Man Love Me
818,USMTD0462304,2ZYJbxsfadGAn4YtmxrXuZ,Joe Ely,Fightin' For My Life
819,USMTD0462304,2BnWdYNIWEwybCRqhfsloW,Tomaso Albinoni,"Albinoni: Concerto a cinque in B-Flat Major, Op. 10 No. 12: I. Allegro"
820,USMTD0462304,78tMjM8Fw6vpWW0esBpNzs,Jethro Tull,One Brown Mouse - 2003 Remaster
821,USMTD0462304,7h8OLAvz2fz6kDZGet369M,Jesus Jones,The Devil You Know
822,USMTD0462304,5LPTWuDuDvxOPYmdxOnEtk,Mandy Moore,So Real
823,USMTD0462304,68D7AzbmTAdANrw3hbf8ps,Cloning Einstein,After All
824,USMTD0462304,0I5Fgl7pT26M1qSIixlzR2,Mudvayne,World So Cold
825,USMTD0462304,53OayBIWLmOJn5baR2xIIh,Lonely Kings,Syndicate
826,USMTD0462304,1dAntwDJsFnEPa6mxUYWpc,Ronnie Milsap,Since I Fell For You
827,USMTD0462304,4qYHnP5AmKzXbJhciPV8si,"Bobby ""Blue"" Bland",Ain't No Love In The Heart Of The City - Single Version
828,USMTD0462304,5dQ01k4mZoBhUDycenONHX,John Williams,American Journey: IV. Arts and Sports
829,USMTD0462304,3pAoqNNjskbuK0XNbxtRt7,The Diplomats,Juelz Santana The Great - Skit 4
830,USMTD0462304,41CHb7F7SXcmkj0h8wekeF,Billie Holiday,Gloomy Sunday (with Teddy Wilson & His Orchestra) - Take 1
831,USMTD0462304,6sswNbxZPCuKgg9du0V4OS,Franz Schubert,"Die schöne Müllerin, D.795: 10. Tränenregen"
832,USMTD0462304,0FRaTm2v2ylbAUDHBzTsfW,Etta James,Steal Away
833,USMTD0462304,1rQEbXBY8MmWZ7OZeBtqis,Katatonia,Rainroom
834,USMTD0462304,15Mm2DiqKxMDLONXRsdy3U,The Roots,"The Next Movement - Live At Palais X-Tra Zurich, Switzerland / 1999"
835,USMTD0462304,7LrM28pPWCpJYmbnaxHBmu,Chambao,Pokito a Poko
836,USMTD0462304,3H26P1VgX76hzzTJAJQQnz,Brian and the Mississippi Valley Dutchmen,Julida Polka
837,USMTD0462304,12VnHUXhfcrEV9cu0r7gyS,Jim Brickman,Picture This
838,USMTD0462304,0J6iU4rjliO8TP6J1OUdQ4,The Band,If I Lose - Remastered
839,USMTD0462304,5G9S6rmvFBQonF6x4oAfJD,The Vandals,I Can't Wait
840,USMTD0462304,5VzDHctPCKYfxOKtTzSIMM,FFH,Open Up The Sky
841,USMTD0462304,63McCianBGH19Y1QD04xdC,R.E.M.,Tongue - Remastered
842,USMTD0462304,1Av1JK0y7tONGuUQQfxyON,Keb' Mo',Just Like You
843,USMTD0462304,1ixm2zCINddmWMloci3dvh,David Bowie,Heathen (The Rays)
844,USMTD0462304,0eOfonls3yMWFi7by26yAk,Pat Benatar,Shadows Of The Night - Remastered
845,USMTD0462304,6QZfa4WbIOBpGKel35SBVd,Bert Kaempfert,Stay With Me
846,USMTD0462304,6yy5ivsEcIraUkgzixfuGU,Local H,What Can I Tell You?
847,USMTD0462304,1Mz4rF2wjbZYeK0QCG3bXx,Elmer Bernstein,"The City (From ""The Grifters"") - From ""The Grifters"""
848,USMTD0462304,3akkNN6AHsgyptR3QYU3vN,Fugazi,Repeater
849,USMTD0462304,5Dpqv2cZIbpgPIzyJlotvC,Hatebreed,Proven
850,USMTD0462304,6QQxFtMSKigxHcAg2ob4io,Demon,Victim of Fortune ( Out-Take)
851,USMTD0462304,0qCoTDwqMylgd4GsyHZR2d,Frédéric Chopin,"Polonaise in A Major, Op. 40, No. 1: Allegro con brio"
852,USMTD0462304,6Rom6emCi5Nq1nnb6b9Lhi,Kari Kimmel,It's Not Just Make Believe
853,USMTD0462304,0xQRR9GdQjHgr2Jc2MTnX5,Tobin Sprout,Hit Junky Dives
854,USMTD0462304,2vcx6Dr7pxeBqJQ5eIVqhk,Frank Zappa,It Must Be A Camel
855,USMTD0462304,0MI2L3JzF8C3io4l51Jjfi,Urban Dance Squad,Good Grief - Live
856,USMTD0462304,6eN20qYKGWJH7mj4wqZI5P,Puffy AmiYumi,アジアの純真
857,USMTD0462304,4l9rJRwlaMnPYD5DJtIIFo,Elvis Presley,Hound Dog
858,USMTD0462304,5iJOpg6kOBAeaFWIEOaTLe,"""Weird Al"" Yankovic",Slime Creatures from Outer Space
859,USMTD0462304,3by1VIPUbXseKgDEc7nlnI,Louis Prima,(I'll Be Glad When You're Dead) You Rascal You - Remastered
860,USMTD0462304,72QfbbIAMPXlC1VRW1L00f,Freeway,You Don't Know (In The Ghetto)
861,USMTD0462304,6mr9ksuZqO3oCS9pRkM3eq,Ludwig van Beethoven,"26 Welsh Songs, WoO 155: 16. The Damsels of Cardigan"
862,USMTD0462304,2pbWkjtGtjkzBdZ95GFINm,Rose Royce,Car Wash - Long Version
863,USMTD0462304,1zOXcgLWVBYs9JXScpdxyn,Evie Sands,The Love Of A Boy
864,USMTD0462304,5owNg0Lb8hGgBvQo5DWVGY,Ludwig van Beethoven,"Beethoven: Symphony No. 2 in D Major, Op. 36: I. Adagio - Allegro con brio"
865,USMTD0462304,08kxDrVsGKCBTUW8yaYXaS,George Frideric Handel,"La Lucrezia ""O Numi eterni"", Cantata HWV 145: Recitativo ""Mai voi, forse nel cielo"""
866,USMTD0462304,1T8Zfb2qGgqQ40Gz8XY53g,Dave Matthews,Up And Away
867,USMTD0462304,4ZtW3vPBExRMdimXujrZ1Q,The High & Mighty,Wanna (But I Won't)
868,USMTD0462304,5W86JTePzP9MBZLfBoGi6z,Alexander Scriabin,"Symphony No. 1 in E major, Op. 26: 1. Lento"
869,USMTD0462304,2K7iWbGcOaSIE77zWsTS7x,Swishahouse,24's
870,USMTD0462304,61wKzgtki3H1XedQ7WeJ78,The Doors,Tuning - #2 Live At The Aquarius - The Second Performance LP Version
871,USMTD0462304,5KqEPvurLuOoV64tNylPO6,DHT,Listen to Your Heart - Edmee's Unplugged Vocal Edit
872,USMTD0462304,1LEZuQ6sQ6uw2mVVtWQOhv,Niccolò Paganini,"Paganini: 24 Caprices, Op. 1: No. 1 in E Major"
873,USMTD0462304,0mB5AC7px0OWAv19uRh4EH,D4L,"Make It Rain (feat. 2 Short, Sweets and Kool Ace)"
874,USMTD0462304,6ioFp1LTwjjVOeDeEVo6dl,Various Artists,Methods of Organizing
875,USMTD0462304,4P23Pn5zl9QCkyto32fAaR,Trivium,Rain
876,USMTD0462304,4W4Bkr3uPQamFiHi78kXlD,The Yardbirds,Heart Full Of Soul
877,USMTD0462304,2gc6sYlDZL1ujiMVGH2bHZ,Brett Dennen,Make the Most
878,USMTD0462304,1i8wgoiZM91AhapaDkVIbb,Kendall Payne,Honest
879,USMTD0462304,27AujK53ZP5VXFW13gsI39,Claude Debussy,"Suite bergamasque, L. 75: Clair de lune (Orch. Mouton)"
880,USMTD0462304,6y8NZQHxPi3svyicMXjFCW,Ricky Martin,Spanish Eyes
881,USMTD0462304,3kzAiMh04Ov0WIWHIhGbcB,Survivor,Can't Getcha Offa My Mind
882,USMTD0462304,5YG51nXppZr2Ir5B85SDBr,Curtis Mayfield,Get Down - Single Version
883,USMTD0462304,3C5KIBAY5sADnl7rXsB2za,Juno Reactor,Angels And Men
884,USMTD0462304,3cvXBUOF2ymN3stH0UFuq6,Stone Temple Pilots,Hello It's Late
885,USMTD0462304,41Noi7cSl3N6tYr40CiMnQ,Rosemary Clooney,Me and You (with Duke Ellington & His Orchestra)
886,USMTD0462304,5K2apq0hXtBBgHvdz6KMbC,Matt Pond PA,Electric
887,USMTD0462304,4jE1k5eOtkXMqjeEGjdBF4,Tummler,Ario
888,USMTD0462304,4nwPDskh0YJ9nnjpgEMA4T,The Love Unlimited Orchestra,Just Like A Baby
889,USMTD0462304,2ftHoU551MJUEaSeNpQDXY,Howard Shore,The Leave Taking
890,USMTD0462304,7xYIf30XmLPJdKNfqUZefa,Olivier Messiaen,Chronochromie for Large Orchestra: VI. Epode
891,USMTD0462304,19Pt0muSyAq3Of6deCI8Nj,Al Jarreau,Through It All
892,USMTD0462304,0Gjq7axbGUh8ZbCeoLFTKK,Bon Jovi,I Got The Girl
893,USMTD0462304,2bEWUjvvSlq8DIgmdpCYTR,Richard Hawley,It's Over Love
894,USMTD0462304,7oz9AWkSwvsRd624JwGzet,Rojo,Aleluya (Instrumental)
895,USMTD0462304,5X1gZAZWtNjZRP9bXQS5LV,Louis Armstrong,Bibbidi-Bobbidi-Boo
896,USMTD0462304,2u2eK1CxHBe7w2PMlaXO0Z,Booker T. & the M.G.'s,Johnny I Love You
897,USMTD0462304,7tubf9ctzCNrEyUniHqDCa,Ahleuchatistas,Rpg 2
898,USMTD0462304,4DsHVBI02ToBBu4pn7lEzd,Dido,Who Makes You Feel
899,USMTD0462304,3yQjkc13JGEq6Ywago9l1F,Jaguares,Ayer Me Dijo un Ave - En Vivo
900,USMTD0462304,6mxbKC9DD9VUQZTUq7nq3X,M. Ward,Duet For Guitars 1
901,USUM70502070,1odSsdjoL5VxmCbg6UehJR,Ghostface Killah,Who Would You Fuck
902,USUM70502070,5mkbMgErBwO6XGE4qbmf0P,Sergei Prokofiev,"Alexander Nevsky, Op. 78: Arise, Ye Russian People"
903,USUM70502070,0SyEJMByChXrpQ0El3YRYt,Jeff Johnson,Vows
904,USUM70502070,2i5CjjDjoFUd0AjsQadLdy,Aretha Franklin,"Respect - Live at Fillmore West, San Francisco, CA, 3/5/1971"
905,USUM70502070,1JAHFiBLbaseqI3ojt9Kcv,Dr. Dre,Bi*** Ni**az - Album Version (Edited)
906,USUM70502070,2h1p8LJZajt9jLegRrgwzX,Aphex Twin,Dodeccaheedron
907,USUM70502070,5VprdnC0Or0qxrze5Z45dO,Andy Hunter,Show
908,USUM70502070,6rmUiwqkVWWHYUnwL0Ycde,ST 37,Phase One : Solaris
909,USUM70502070,59D5g3u3bp6wV0W9pSuRf1,Wipers,Mystery
910,USUM70502070,1kRBDF3c64BS6espbBnHxa,Fear Factory,(Memory Imprints) Never End
911,USUM70502070,42Xm7PD1mDL5xuDaEkVgSr,Tenor Saw,Ring The Alarm
912,USUM70502070,1sce5VJvCOYYDAR9rp9KdG,Oliver Nelson,Stolen Moments
913,USUM70502070,26puV8LdrCUvxqmxKJOywQ,Paris,Scarface Groove
914,USUM70502070,0TsQiJ09qk265f4dXkq6yu,Tyler Bates,Official Clown Business
915,USUM70502070,0utuAHykyuBSQpHLNLHQCs,Guided By Voices,Wormhole
916,USUM70502070,5sDTR5WnqbJ2MoqNnst51F,Dan Fogelberg,Phoenix
917,USUM70502070,6C3OBXodfWzDLAV1aXjiTv,Brian Setzer,Lonely Wolf
918,USUM70502070,72cRizL8XAvma3zJYaEg33,The Yardbirds,I'm a Man (Live - 1967 German Tv Broadcast)
919,USUM70502070,71SCMpp7hGMVuECYSLNgOH,Katatonia,Nowhere
920,USUM70502070,6DU9USVz7uUwqFl7mjgPrT,Depeche Mode,Enjoy the Silence - Ewan Pearson Extended
921,USUM70502070,0DWFBu2iLSpDRbngrvKOq6,Ryuichi Sakamoto,As Praias Desertas
922,USUM70502070,4Ulusu0UfOk3HM1ZjUcQXV,Jeff Johnson,Kaziman's Gifts
923,USUM70502070,2ZeNxnSmRitn9O2z2uHZmH,Godsmack,Asleep
924,USUM70502070,6tkXBYmmOUXSb1pSLDR1X1,The Stooges,Down on the Street
925,USUM70502070,55eI3nJGwj6arcOkJLJPuV,Burt Bacharach,The Look Of Love
926,USUM70502070,3EV3OvegbQNJQGZhpT00gr,Brian Wilson,Where Has Love Been?
927,USUM70502070,1Rj7KxfZrm6KT5dBxbOvjN,Alexander Borodin,String Quartet No. 2 in D Major: III. Notturno
928,USUM70502070,6QtoYmkA5Utn3vpZ3QhYEq,Vic Damone,Deck the Halls
929,USUM70502070,5bMhG3QtTvdViaob7k217v,Wings,Daytime Nightime Suffering
930,USUM70502070,4r2IPR6tLBgF1dl2FqcPfF,Danny Elfman,Overture - (The Nightmare Before Christmas)
931,USUM70502070,2HYAOSChGcbnHrE1Q1feAc,Suzanne Vega,Penitent
932,USUM70502070,52iyhfd6jgU2wYB8QIYs6t,Son Volt,Windfall - 2015 Remaster
933,USUM70502070,23qL11ssBUDFXVW2SlBZfF,Dionne Warwick,You Made Me so Very Happy - Live
934,USUM70502070,7BkWM4XInRQJJI9HXjvPVB,Marvin Gaye,Inner City Blues (Make Me Wanna Holler) - Detroit Mix
935,USUM70502070,3K1Je1BS7sCSH0Mn2L6DJ2,BOOM BOOM SATELLITES,DUB ME CRAZY Ver.02
936,USUM70502070,6YrQHMmsBACP4OOaiCRSDm,Randy Newman,Atta - Score
937,USUM70502070,2CcHIKpCxtFP3F1R9XkEd5,Frankie Valli & The Four Seasons,Beggin'
938,USUM70502070,07xsLd2bZgAHFBAbCkGI7w,Harry and the Potters,Back to School
939,USUM70502070,2QUuJRmwuXCBXRn11KmM0L,Nick Cave & The Bad Seeds,Opium Tea
940,USUM70502070,4htrZyEmIqLUICPQsODdWH,Linda Ronstadt,Miss Otis Regrets
941,USUM70502070,4EpsniOUIZwyCOtEcdoGir,The Dillards,Touch Her If You Can
942,USUM70502070,4WmgQrWKqPLmtt4FNuKunG,Nobuo Uematsu,Who...Are You?
943,USUM70502070,0bxa8kZpLhhxg9ATooV3yQ,Luis Aguilar,El Sinaloense
944,USUM70502070,3tT7w3IKKEwLQlPYTwqAgl,Sonic Youth,Drunken Butterfly
945,USUM70502070,7h1ORpjTON2WXzu4BVOJBL,Prince,Gett Off (with Eric Leeds)
946,USUM70502070,3MjoW9JOS4ap0FGovXDiKg,Moxy Früvous,Sad Girl
947,USUM70502070,6SSfxVN4fxZautlsAFcc9H,Giuseppe Verdi,"Macbeth / Act 4: ""Ah, la paterna mano"""
948,USUM70502070,7oUlpCU1xST5jyb8deuO8v,Satoshi Tomiie,Prohibited One (Interlude)
949,USUM70502070,4tuoIvjUxkPhsZUQlSsWGO,Kenny G,Brazil
950,USUM70502070,0ES1gXPgiXwfNmhOZvvJll,James Horner,Going After Newt
951,USUM70502070,2Nybf1QJXFhu4iPNBPXB2z,Pas/Cal,Oh Gosh
952,USUM70502070,5Y2LDTOZZuB2x6t9bo1F7d,Fountains Of Wayne,Karpet King
953,USUM70502070,39E5rL2DxKGOdNScaxJirA,Judas Priest,Running Wild - Live
954,USUM70502070,0cyLHMapWunDUtudz7VkSC,Boney James,Boneyard
955,USUM70502070,4oXd0sPe20fS2Qq0xenKbB,Iron Maiden,Out of the Silent Planet (2015 Remaster)
956,USUM70502070,31W40NPQIJuj7YbnCqRDdu,André Rieu,Volare
957,USUM70502070,4OvtGy4hIxnxJo1PuBM9NU,Carcass,Dont Believe a Word
958,USUM70502070,3Khzu4NvcfASI6n8jQebrO,Peter Cetera,Alone For The Holidays
959,USUM70502070,1fnumT9C8jOi9aWWPpWTbp,"Grover Washington, Jr.",Play That Groove for Me
960,USUM70502070,0jAYzPbwSYdzrLqnCHiN76,Raven-Symoné,Supernatural (Crystal Ball Mix)
961,USUM70502070,2nOYxyusxAfqjZCUSxfNZ4,Louis Armstrong & His Hot Five,Muskrat Ramble
962,USUM70502070,46P4cuXD4QeFTQp4n7DMVc,"Earth, Wind & Fire",Saturday Nite - Extended Alternate Mix
963,USUM70502070,5TYHzFAQp3IBeWqRIBIDjJ,CAKE,Mr. Mastodon Farm
964,USUM70502070,49G77FXnNICfnptWQuoEWJ,Cotton Mather,Homefront Cameo
965,USUM70502070,7IyuwRPPNq6gYI1vzqKsrU,Heart,Dreamboat Annie
966,USUM70502070,6vDxkbjKahDhVeFXj0xc3I,Tiger Army,Annabel Lee
967,USUM70502070,6oArolBBAiBMnld2VPF1OG,G. Love & Special Sauce,Cold Beverage
968,USUM70502070,5kFCKt7T3ObVmDZjMKcBSP,Sting,You Still Touch Me
969,USUM70502070,4vo3nixakOtif1z6kFWSU6,Dietrich Buxtehude,"Christ unser Herr zum Jordan kam, BuxWV"
970,USUM70502070,1V7tXJRx6qQQJ7YPueI2jA,The Sesame Street Kids,Sing
971,USUM70502070,5MFHUdBiJCxk8uXuKQrnfn,TOTO,All Us Boys
972,USUM70502070,6v7GNP7Ij3C9HpK8c9QYQk,Mavis Staples,Will The Circle Be Unbroken
973,USUM70502070,2dphUV6XT8qCIFrqX99yEV,Cannonball Adderley,"Introduction To A Samba - 2005 Digital Remaster/Live At The Club, Chicago/1966"
974,USUM70502070,4B0A1qgWbWlT7j2Pj5kkGJ,The Fall,Cary Grant's Wedding (Live)
975,USUM70502070,0qAhlvhDhSV4f7lv0Ktygk,The Temptations,I Can't Get Next To You - Single Version/Mono
976,USUM70502070,7oU0RSFbwVVHpixH1qkKiN,U2,Beautiful Day - Quincey & Sonance Remix
977,USUM70502070,60azClfWAaDpcZpMjhmNtE,Trans-Siberian Orchestra,"Christmas Bells, Carousels & Time - Instrumental"
978,USUM70502070,1cnCiS2sPamfjBZNoYQlC3,Malice,Against the Empire
979,USUM70502070,0FHEvUPcrrfSrQfK0djuA3,White Lion,Living on the Edge
980,USUM70502070,6W1fIhsegeaz3Ve68h0ape,Nick Cave & The Bad Seeds,Wonderful Life
981,USUM70502070,32VhmeKzp5L4DzzNRu8Ux3,Roky Erickson,Stand for the Fire Demon
982,USUM70502070,3uvEsp3LWHowImpBbZnAtS,Little Feat,Rock and Roll Doctor
983,USUM70502070,0B5tjoXHUwftMvd5cqTyrl,Bronski Beat,Junk
984,USUM70502070,6Zozx7mXLwwQouSEgrcTgx,Blind Guardian,A Past and Future Secret
985,USUM70502070,4Z0HJdZ1nmI2UMeOjiQjtB,Uncle Kracker,Intro
986,USUM70502070,7CQsYUqjJPlx4iUEqAJOHK,Lenny Kravitz,Let Love Rule - Remastered
987,USUM70502070,7EQs1EgXvl6qtSfv1ouu65,Peabo Bryson,Light The World - duet with Deborah Gibson
988,USUM70502070,4zRZfRxsvUIOETGCvkkboc,Elvis Presley,The Girl Next Door Went A'Walking
989,USUM70502070,77TqB6vzLxlmnWVbFhHYFq,Tony Bennett,You Can't Lose A Broken Heart
990,USUM70502070,25PYiV7bM4Qpljx0z58YRV,Ludwig van Beethoven,"Beethoven: Symphony No. 9 in D Minor, Op. 125 ""Choral"": II. Molto vivace - Presto"
991,USUM70502070,5lFxoEkFDcje89YPa8mmYC,Nicholas Payton,Time Traveling
992,USUM70502070,0tve2I9fCoDQimCUVVYrG4,Madonna,What It Feels Like for a Girl - Paul Oakenfold Perfecto Mix
993,USUM70502070,1GkVc70dOVg9Ihon17Wm4A,Three 6 Mafia,Side 2 Side
994,USUM70502070,57tg7rQTCYKH7fmgOvpp9d,Chet Atkins,A Taste of Honey
995,USUM70502070,41PWz0hAiU9FqsmjR9Wh62,Lil Jon & The East Side Boyz,Lovers And Friends
996,USUM70502070,2Fn6HnLimczq2FMVprfA18,Frédéric Chopin,"24 Préludes, Op. 28: No. 7 In A Major"
997,USUM70502070,4ykTlG7MQmYnxktqsmumXb,Big Pun,You Came Up (feat. Noreaga)
998,USUM70502070,6mPk79CXsMEwpcIdL4QxL6,Eric Clapton,Grand Illusion
999,USUM70502070,0bk3l3mnX1vnRo5mnBY1qH,Cinerama,Get Up And Go
1000,USUM70502070,4PvVHAkONOaS6v4wgONGYZ,Damian Marley,Welcome To Jamrock
